file,line,type,commit,author,date,time,timezone,datetime,depth,length
style.css,1,css,24cb9d12,shrutiy14,2025-01-17,15:23:39,-08:00,2025-01-17T15:23:39-08:00,0,5
style.css,2,css,c20c17eb,shrutiy14,2025-01-17,22:56:04,-08:00,2025-01-17T22:56:04-08:00,0,32
style.css,3,css,6a8365b7,shrutiy14,2025-01-17,22:07:26,-08:00,2025-01-17T22:07:26-08:00,0,16
style.css,4,css,6a8365b7,shrutiy14,2025-01-17,22:07:26,-08:00,2025-01-17T22:07:26-08:00,0,19
style.css,5,css,6a8365b7,shrutiy14,2025-01-17,22:07:26,-08:00,2025-01-17T22:07:26-08:00,0,15
style.css,6,css,6a8365b7,shrutiy14,2025-01-17,22:07:26,-08:00,2025-01-17T22:07:26-08:00,0,0
style.css,7,css,9e9e7a88,shrutiy14,2025-01-17,22:20:30,-08:00,2025-01-17T22:20:30-08:00,0,0
style.css,8,css,44e22b4a,shrutiy14,2025-01-24,19:41:54,-08:00,2025-01-24T19:41:54-08:00,0,9
style.css,9,css,9e9e7a88,shrutiy14,2025-01-17,22:20:30,-08:00,2025-01-17T22:20:30-08:00,0,17
style.css,10,css,9e9e7a88,shrutiy14,2025-01-17,22:20:30,-08:00,2025-01-17T22:20:30-08:00,0,0
style.css,11,css,9e9e7a88,shrutiy14,2025-01-17,22:20:30,-08:00,2025-01-17T22:20:30-08:00,0,0
style.css,12,css,9e9e7a88,shrutiy14,2025-01-17,22:20:30,-08:00,2025-01-17T22:20:30-08:00,0,7
style.css,13,css,9e9e7a88,shrutiy14,2025-01-17,22:20:30,-08:00,2025-01-17T22:20:30-08:00,0,17
style.css,14,css,44e22b4a,shrutiy14,2025-01-24,19:41:54,-08:00,2025-01-24T19:41:54-08:00,0,2
style.css,15,css,9e9e7a88,shrutiy14,2025-01-17,22:20:30,-08:00,2025-01-17T22:20:30-08:00,0,0
style.css,16,css,ac974d1a,shrutiy14,2025-01-17,23:33:24,-08:00,2025-01-17T23:33:24-08:00,0,0
style.css,17,css,ac974d1a,shrutiy14,2025-01-17,23:33:24,-08:00,2025-01-17T23:33:24-08:00,0,6
style.css,18,css,44e22b4a,shrutiy14,2025-01-24,19:41:54,-08:00,2025-01-24T19:41:54-08:00,0,37
style.css,19,css,44e22b4a,shrutiy14,2025-01-24,19:41:54,-08:00,2025-01-24T19:41:54-08:00,0,28
style.css,20,css,b3f8a91f,shrutiy14,2025-01-17,23:36:23,-08:00,2025-01-17T23:36:23-08:00,0,32
style.css,21,css,44e22b4a,shrutiy14,2025-01-24,19:41:54,-08:00,2025-01-24T19:41:54-08:00,0,40
style.css,22,css,44e22b4a,shrutiy14,2025-01-24,19:41:54,-08:00,2025-01-24T19:41:54-08:00,0,64
style.css,23,css,44e22b4a,shrutiy14,2025-01-24,19:41:54,-08:00,2025-01-24T19:41:54-08:00,0,24
style.css,24,css,ac974d1a,shrutiy14,2025-01-17,23:33:24,-08:00,2025-01-17T23:33:24-08:00,0,0
style.css,25,css,ac974d1a,shrutiy14,2025-01-17,23:33:24,-08:00,2025-01-17T23:33:24-08:00,0,0
style.css,26,css,44e22b4a,shrutiy14,2025-01-24,19:41:54,-08:00,2025-01-24T19:41:54-08:00,0,50
style.css,27,css,44e22b4a,shrutiy14,2025-01-24,19:41:54,-08:00,2025-01-24T19:41:54-08:00,0,14
style.css,28,css,d243b8ea,shrutiy14,2025-01-24,22:02:19,-08:00,2025-01-24T22:02:19-08:00,0,18
style.css,29,css,d243b8ea,shrutiy14,2025-01-24,22:02:19,-08:00,2025-01-24T22:02:19-08:00,0,9
style.css,30,css,d243b8ea,shrutiy14,2025-01-24,22:02:19,-08:00,2025-01-24T22:02:19-08:00,0,11
style.css,31,css,d243b8ea,shrutiy14,2025-01-24,22:02:19,-08:00,2025-01-24T22:02:19-08:00,0,14
style.css,32,css,d243b8ea,shrutiy14,2025-01-24,22:02:19,-08:00,2025-01-24T22:02:19-08:00,0,20
style.css,33,css,44e22b4a,shrutiy14,2025-01-24,19:41:54,-08:00,2025-01-24T19:41:54-08:00,0,13
style.css,34,css,d243b8ea,shrutiy14,2025-01-24,22:02:19,-08:00,2025-01-24T22:02:19-08:00,0,19
style.css,35,css,d243b8ea,shrutiy14,2025-01-24,22:02:19,-08:00,2025-01-24T22:02:19-08:00,0,11
style.css,36,css,44e22b4a,shrutiy14,2025-01-24,19:41:54,-08:00,2025-01-24T19:41:54-08:00,0,0
style.css,37,css,ac974d1a,shrutiy14,2025-01-17,23:33:24,-08:00,2025-01-17T23:33:24-08:00,0,0
style.css,38,css,b3f8a91f,shrutiy14,2025-01-17,23:36:23,-08:00,2025-01-17T23:36:23-08:00,0,5
style.css,39,css,ac974d1a,shrutiy14,2025-01-17,23:33:24,-08:00,2025-01-17T23:33:24-08:00,0,33
style.css,40,css,b3f8a91f,shrutiy14,2025-01-17,23:36:23,-08:00,2025-01-17T23:36:23-08:00,0,0
style.css,41,css,9e9e7a88,shrutiy14,2025-01-17,22:20:30,-08:00,2025-01-17T22:20:30-08:00,0,0
style.css,42,css,44e22b4a,shrutiy14,2025-01-24,19:41:54,-08:00,2025-01-24T19:41:54-08:00,0,5
style.css,43,css,44e22b4a,shrutiy14,2025-01-24,19:41:54,-08:00,2025-01-24T19:41:54-08:00,0,0
style.css,44,css,44e22b4a,shrutiy14,2025-01-24,19:41:54,-08:00,2025-01-24T19:41:54-08:00,0,17
style.css,45,css,44e22b4a,shrutiy14,2025-01-24,19:41:54,-08:00,2025-01-24T19:41:54-08:00,0,24
style.css,46,css,44e22b4a,shrutiy14,2025-01-24,19:41:54,-08:00,2025-01-24T19:41:54-08:00,0,0
style.css,47,css,44e22b4a,shrutiy14,2025-01-24,19:41:54,-08:00,2025-01-24T19:41:54-08:00,0,0
style.css,48,css,44e22b4a,shrutiy14,2025-01-24,19:41:54,-08:00,2025-01-24T19:41:54-08:00,0,0
style.css,49,css,44e22b4a,shrutiy14,2025-01-24,19:41:54,-08:00,2025-01-24T19:41:54-08:00,0,0
style.css,50,css,44e22b4a,shrutiy14,2025-01-24,19:41:54,-08:00,2025-01-24T19:41:54-08:00,0,4
style.css,51,css,44e22b4a,shrutiy14,2025-01-24,19:41:54,-08:00,2025-01-24T19:41:54-08:00,0,13
style.css,52,css,44e22b4a,shrutiy14,2025-01-24,19:41:54,-08:00,2025-01-24T19:41:54-08:00,0,19
style.css,53,css,44e22b4a,shrutiy14,2025-01-24,19:41:54,-08:00,2025-01-24T19:41:54-08:00,0,44
style.css,54,css,44e22b4a,shrutiy14,2025-01-24,19:41:54,-08:00,2025-01-24T19:41:54-08:00,0,0
style.css,55,css,1a6761ba,shrutiy14,2025-01-17,22:50:47,-08:00,2025-01-17T22:50:47-08:00,0,0
style.css,56,css,49dcbd4a,shrutiy14,2025-01-17,22:42:43,-08:00,2025-01-17T22:42:43-08:00,0,6
style.css,57,css,49dcbd4a,shrutiy14,2025-01-17,22:42:43,-08:00,2025-01-17T22:42:43-08:00,0,7
style.css,58,css,1a6761ba,shrutiy14,2025-01-17,22:50:47,-08:00,2025-01-17T22:50:47-08:00,0,21
style.css,59,css,1a6761ba,shrutiy14,2025-01-17,22:50:47,-08:00,2025-01-17T22:50:47-08:00,0,14
style.css,60,css,1a6761ba,shrutiy14,2025-01-17,22:50:47,-08:00,2025-01-17T22:50:47-08:00,0,18
style.css,61,css,1a6761ba,shrutiy14,2025-01-17,22:50:47,-08:00,2025-01-17T22:50:47-08:00,0,14
style.css,62,css,1a6761ba,shrutiy14,2025-01-17,22:50:47,-08:00,2025-01-17T22:50:47-08:00,0,18
style.css,63,css,44e22b4a,shrutiy14,2025-01-24,19:41:54,-08:00,2025-01-24T19:41:54-08:00,0,0
style.css,64,css,49dcbd4a,shrutiy14,2025-01-17,22:42:43,-08:00,2025-01-17T22:42:43-08:00,0,0
style.css,65,css,1a6761ba,shrutiy14,2025-01-17,22:50:47,-08:00,2025-01-17T22:50:47-08:00,0,0
style.css,66,css,1a6761ba,shrutiy14,2025-01-17,22:50:47,-08:00,2025-01-17T22:50:47-08:00,0,14
style.css,67,css,357a673f,shrutiy14,2025-01-17,22:28:19,-08:00,2025-01-17T22:28:19-08:00,0,17
style.css,68,css,357a673f,shrutiy14,2025-01-17,22:28:19,-08:00,2025-01-17T22:28:19-08:00,0,14
style.css,69,css,1a6761ba,shrutiy14,2025-01-17,22:50:47,-08:00,2025-01-17T22:50:47-08:00,0,40
style.css,70,css,1a6761ba,shrutiy14,2025-01-17,22:50:47,-08:00,2025-01-17T22:50:47-08:00,0,21
style.css,71,css,357a673f,shrutiy14,2025-01-17,22:28:19,-08:00,2025-01-17T22:28:19-08:00,0,0
style.css,72,css,9e9e7a88,shrutiy14,2025-01-17,22:20:30,-08:00,2025-01-17T22:20:30-08:00,0,0
style.css,73,css,9e9e7a88,shrutiy14,2025-01-17,22:20:30,-08:00,2025-01-17T22:20:30-08:00,0,0
style.css,74,css,ac974d1a,shrutiy14,2025-01-17,23:33:24,-08:00,2025-01-17T23:33:24-08:00,0,12
style.css,75,css,ac974d1a,shrutiy14,2025-01-17,23:33:24,-08:00,2025-01-17T23:33:24-08:00,0,46
style.css,76,css,44e22b4a,shrutiy14,2025-01-24,19:41:54,-08:00,2025-01-24T19:41:54-08:00,0,21
style.css,77,css,44e22b4a,shrutiy14,2025-01-24,19:41:54,-08:00,2025-01-24T19:41:54-08:00,0,33
style.css,78,css,ac974d1a,shrutiy14,2025-01-17,23:33:24,-08:00,2025-01-17T23:33:24-08:00,0,0
style.css,79,css,ac974d1a,shrutiy14,2025-01-17,23:33:24,-08:00,2025-01-17T23:33:24-08:00,0,0
style.css,80,css,44e22b4a,shrutiy14,2025-01-24,19:41:54,-08:00,2025-01-24T19:41:54-08:00,0,0
style.css,81,css,a48b53ba,shrutiy14,2025-01-18,11:02:38,-08:00,2025-01-18T11:02:38-08:00,0,0
style.css,82,css,44e22b4a,shrutiy14,2025-01-24,19:41:54,-08:00,2025-01-24T19:41:54-08:00,0,32
style.css,83,css,a48b53ba,shrutiy14,2025-01-18,11:02:38,-08:00,2025-01-18T11:02:38-08:00,0,13
style.css,84,css,44e22b4a,shrutiy14,2025-01-24,19:41:54,-08:00,2025-01-24T19:41:54-08:00,0,10
style.css,85,css,5b0ee120,shrutiy14,2025-01-18,11:00:38,-08:00,2025-01-18T11:00:38-08:00,0,0
style.css,86,css,5b0ee120,shrutiy14,2025-01-18,11:00:38,-08:00,2025-01-18T11:00:38-08:00,0,0
style.css,87,css,f96d6cfa,shrutiy14,2025-01-18,10:11:29,-08:00,2025-01-18T10:11:29-08:00,0,0
style.css,88,css,a48b53ba,shrutiy14,2025-01-18,11:02:38,-08:00,2025-01-18T11:02:38-08:00,0,6
style.css,89,css,a48b53ba,shrutiy14,2025-01-18,11:02:38,-08:00,2025-01-18T11:02:38-08:00,0,19
style.css,90,css,344d0a04,shrutiy14,2025-01-18,10:50:53,-08:00,2025-01-18T10:50:53-08:00,0,0
style.css,91,css,344d0a04,shrutiy14,2025-01-18,10:50:53,-08:00,2025-01-18T10:50:53-08:00,0,0
style.css,92,css,a48b53ba,shrutiy14,2025-01-18,11:02:38,-08:00,2025-01-18T11:02:38-08:00,0,0
style.css,93,css,a48b53ba,shrutiy14,2025-01-18,11:02:38,-08:00,2025-01-18T11:02:38-08:00,0,5
style.css,94,css,a48b53ba,shrutiy14,2025-01-18,11:02:38,-08:00,2025-01-18T11:02:38-08:00,0,13
style.css,95,css,a48b53ba,shrutiy14,2025-01-18,11:02:38,-08:00,2025-01-18T11:02:38-08:00,0,31
style.css,96,css,a48b53ba,shrutiy14,2025-01-18,11:02:38,-08:00,2025-01-18T11:02:38-08:00,0,8
style.css,97,css,f96d6cfa,shrutiy14,2025-01-18,10:11:29,-08:00,2025-01-18T10:11:29-08:00,0,0
style.css,98,css,f96d6cfa,shrutiy14,2025-01-18,10:11:29,-08:00,2025-01-18T10:11:29-08:00,0,0
style.css,99,css,b02d5f05,shrutiy14,2025-01-18,10:58:35,-08:00,2025-01-18T10:58:35-08:00,0,0
style.css,100,css,a48b53ba,shrutiy14,2025-01-18,11:02:38,-08:00,2025-01-18T11:02:38-08:00,0,6
style.css,101,css,a48b53ba,shrutiy14,2025-01-18,11:02:38,-08:00,2025-01-18T11:02:38-08:00,0,19
style.css,102,css,a48b53ba,shrutiy14,2025-01-18,11:02:38,-08:00,2025-01-18T11:02:38-08:00,0,13
style.css,103,css,a48b53ba,shrutiy14,2025-01-18,11:02:38,-08:00,2025-01-18T11:02:38-08:00,0,30
style.css,104,css,b02d5f05,shrutiy14,2025-01-18,10:58:35,-08:00,2025-01-18T10:58:35-08:00,0,0
style.css,105,css,b02d5f05,shrutiy14,2025-01-18,10:58:35,-08:00,2025-01-18T10:58:35-08:00,0,0
style.css,106,css,a48b53ba,shrutiy14,2025-01-18,11:02:38,-08:00,2025-01-18T11:02:38-08:00,0,0
style.css,107,css,a48b53ba,shrutiy14,2025-01-18,11:02:38,-08:00,2025-01-18T11:02:38-08:00,0,24
style.css,108,css,a48b53ba,shrutiy14,2025-01-18,11:02:38,-08:00,2025-01-18T11:02:38-08:00,0,11
style.css,109,css,f1435790,shrutiy14,2025-01-18,10:45:30,-08:00,2025-01-18T10:45:30-08:00,0,0
style.css,110,css,eb730801,shrutiy14,2025-01-18,11:11:47,-08:00,2025-01-18T11:11:47-08:00,0,0
style.css,111,css,eb730801,shrutiy14,2025-01-18,11:11:47,-08:00,2025-01-18T11:11:47-08:00,0,10
style.css,112,css,eb730801,shrutiy14,2025-01-18,11:11:47,-08:00,2025-01-18T11:11:47-08:00,0,13
style.css,113,css,eb730801,shrutiy14,2025-01-18,11:11:47,-08:00,2025-01-18T11:11:47-08:00,0,59
style.css,114,css,eb730801,shrutiy14,2025-01-18,11:11:47,-08:00,2025-01-18T11:11:47-08:00,0,10
style.css,115,css,eb730801,shrutiy14,2025-01-18,11:11:47,-08:00,2025-01-18T11:11:47-08:00,0,11
style.css,116,css,eb730801,shrutiy14,2025-01-18,11:11:47,-08:00,2025-01-18T11:11:47-08:00,0,0
style.css,117,css,eb730801,shrutiy14,2025-01-18,11:11:47,-08:00,2025-01-18T11:11:47-08:00,0,0
style.css,118,css,0407e638,shrutiy14,2025-01-18,11:17:43,-08:00,2025-01-18T11:17:43-08:00,0,18
style.css,119,css,0407e638,shrutiy14,2025-01-18,11:17:43,-08:00,2025-01-18T11:17:43-08:00,0,13
style.css,120,css,0407e638,shrutiy14,2025-01-18,11:17:43,-08:00,2025-01-18T11:17:43-08:00,0,27
style.css,121,css,0407e638,shrutiy14,2025-01-18,11:17:43,-08:00,2025-01-18T11:17:43-08:00,0,16
style.css,122,css,0407e638,shrutiy14,2025-01-18,11:17:43,-08:00,2025-01-18T11:17:43-08:00,0,19
style.css,123,css,0407e638,shrutiy14,2025-01-18,11:17:43,-08:00,2025-01-18T11:17:43-08:00,0,12
style.css,124,css,0407e638,shrutiy14,2025-01-18,11:17:43,-08:00,2025-01-18T11:17:43-08:00,0,18
style.css,125,css,b8d7d814,shrutiy14,2025-01-18,11:22:55,-08:00,2025-01-18T11:22:55-08:00,0,8
style.css,126,css,0407e638,shrutiy14,2025-01-18,11:17:43,-08:00,2025-01-18T11:17:43-08:00,0,0
style.css,127,css,0407e638,shrutiy14,2025-01-18,11:17:43,-08:00,2025-01-18T11:17:43-08:00,0,0
style.css,128,css,0407e638,shrutiy14,2025-01-18,11:17:43,-08:00,2025-01-18T11:17:43-08:00,0,21
style.css,129,css,0407e638,shrutiy14,2025-01-18,11:17:43,-08:00,2025-01-18T11:17:43-08:00,0,9
style.css,130,css,0407e638,shrutiy14,2025-01-18,11:17:43,-08:00,2025-01-18T11:17:43-08:00,0,0
style.css,131,css,0407e638,shrutiy14,2025-01-18,11:17:43,-08:00,2025-01-18T11:17:43-08:00,0,0
style.css,132,css,0407e638,shrutiy14,2025-01-18,11:17:43,-08:00,2025-01-18T11:17:43-08:00,0,22
style.css,133,css,9e2563a9,shrutiy14,2025-01-18,11:31:54,-08:00,2025-01-18T11:31:54-08:00,0,15
style.css,134,css,0407e638,shrutiy14,2025-01-18,11:17:43,-08:00,2025-01-18T11:17:43-08:00,0,12
style.css,135,css,0407e638,shrutiy14,2025-01-18,11:17:43,-08:00,2025-01-18T11:17:43-08:00,0,18
style.css,136,css,0407e638,shrutiy14,2025-01-18,11:17:43,-08:00,2025-01-18T11:17:43-08:00,0,0
style.css,137,css,0407e638,shrutiy14,2025-01-18,11:17:43,-08:00,2025-01-18T11:17:43-08:00,0,0
style.css,138,css,0407e638,shrutiy14,2025-01-18,11:17:43,-08:00,2025-01-18T11:17:43-08:00,0,20
style.css,139,css,0407e638,shrutiy14,2025-01-18,11:17:43,-08:00,2025-01-18T11:17:43-08:00,0,14
style.css,140,css,9e2563a9,shrutiy14,2025-01-18,11:31:54,-08:00,2025-01-18T11:31:54-08:00,0,9
style.css,141,css,0407e638,shrutiy14,2025-01-18,11:17:43,-08:00,2025-01-18T11:17:43-08:00,0,16
style.css,142,css,0407e638,shrutiy14,2025-01-18,11:17:43,-08:00,2025-01-18T11:17:43-08:00,0,0
style.css,143,css,0407e638,shrutiy14,2025-01-18,11:17:43,-08:00,2025-01-18T11:17:43-08:00,0,0
style.css,144,css,0407e638,shrutiy14,2025-01-18,11:17:43,-08:00,2025-01-18T11:17:43-08:00,0,0
style.css,145,css,88a1d38e,shrutiy14,2025-01-18,11:35:53,-08:00,2025-01-18T11:35:53-08:00,0,3
style.css,146,css,88a1d38e,shrutiy14,2025-01-18,11:35:53,-08:00,2025-01-18T11:35:53-08:00,0,14
style.css,147,css,88a1d38e,shrutiy14,2025-01-18,11:35:53,-08:00,2025-01-18T11:35:53-08:00,0,16
style.css,148,css,88a1d38e,shrutiy14,2025-01-18,11:35:53,-08:00,2025-01-18T11:35:53-08:00,0,18
style.css,149,css,88a1d38e,shrutiy14,2025-01-18,11:35:53,-08:00,2025-01-18T11:35:53-08:00,0,0
style.css,150,css,88a1d38e,shrutiy14,2025-01-18,11:35:53,-08:00,2025-01-18T11:35:53-08:00,0,0
style.css,151,css,88a1d38e,shrutiy14,2025-01-18,11:35:53,-08:00,2025-01-18T11:35:53-08:00,0,23
style.css,152,css,88a1d38e,shrutiy14,2025-01-18,11:35:53,-08:00,2025-01-18T11:35:53-08:00,0,16
style.css,153,css,88a1d38e,shrutiy14,2025-01-18,11:35:53,-08:00,2025-01-18T11:35:53-08:00,0,18
style.css,154,css,88a1d38e,shrutiy14,2025-01-18,11:35:53,-08:00,2025-01-18T11:35:53-08:00,0,0
style.css,155,css,88a1d38e,shrutiy14,2025-01-18,11:35:53,-08:00,2025-01-18T11:35:53-08:00,0,0
style.css,156,css,da12496b,shrutiy14,2025-01-18,11:52:46,-08:00,2025-01-18T11:52:46-08:00,0,3
style.css,157,css,da12496b,shrutiy14,2025-01-18,11:52:46,-08:00,2025-01-18T11:52:46-08:00,0,15
style.css,158,css,da12496b,shrutiy14,2025-01-18,11:52:46,-08:00,2025-01-18T11:52:46-08:00,0,20
style.css,159,css,da12496b,shrutiy14,2025-01-18,11:52:46,-08:00,2025-01-18T11:52:46-08:00,0,0
style.css,160,css,da12496b,shrutiy14,2025-01-18,11:52:46,-08:00,2025-01-18T11:52:46-08:00,0,0
style.css,161,css,333ef241,shrutiy14,2025-01-18,12:03:43,-08:00,2025-01-18T12:03:43-08:00,0,43
style.css,162,css,5196ec20,shrutiy14,2025-01-18,12:31:13,-08:00,2025-01-18T12:31:13-08:00,0,8
style.css,163,css,51fd3bcb,shrutiy14,2025-01-18,12:07:42,-08:00,2025-01-18T12:07:42-08:00,0,19
style.css,164,css,51fd3bcb,shrutiy14,2025-01-18,12:07:42,-08:00,2025-01-18T12:07:42-08:00,0,15
style.css,165,css,51fd3bcb,shrutiy14,2025-01-18,12:07:42,-08:00,2025-01-18T12:07:42-08:00,0,22
style.css,166,css,51fd3bcb,shrutiy14,2025-01-18,12:07:42,-08:00,2025-01-18T12:07:42-08:00,0,18
style.css,167,css,51fd3bcb,shrutiy14,2025-01-18,12:07:42,-08:00,2025-01-18T12:07:42-08:00,0,22
style.css,168,css,da12496b,shrutiy14,2025-01-18,11:52:46,-08:00,2025-01-18T11:52:46-08:00,0,0
style.css,169,css,da12496b,shrutiy14,2025-01-18,11:52:46,-08:00,2025-01-18T11:52:46-08:00,0,0
style.css,170,css,5196ec20,shrutiy14,2025-01-18,12:31:13,-08:00,2025-01-18T12:31:13-08:00,0,18
style.css,171,css,333ef241,shrutiy14,2025-01-18,12:03:43,-08:00,2025-01-18T12:03:43-08:00,0,18
style.css,172,css,333ef241,shrutiy14,2025-01-18,12:03:43,-08:00,2025-01-18T12:03:43-08:00,0,11
style.css,173,css,333ef241,shrutiy14,2025-01-18,12:03:43,-08:00,2025-01-18T12:03:43-08:00,0,21
style.css,174,css,da12496b,shrutiy14,2025-01-18,11:52:46,-08:00,2025-01-18T11:52:46-08:00,0,0
style.css,175,css,da12496b,shrutiy14,2025-01-18,11:52:46,-08:00,2025-01-18T11:52:46-08:00,0,0
style.css,176,css,5196ec20,shrutiy14,2025-01-18,12:31:13,-08:00,2025-01-18T12:31:13-08:00,0,10
style.css,177,css,333ef241,shrutiy14,2025-01-18,12:03:43,-08:00,2025-01-18T12:03:43-08:00,0,19
style.css,178,css,333ef241,shrutiy14,2025-01-18,12:03:43,-08:00,2025-01-18T12:03:43-08:00,0,21
style.css,179,css,333ef241,shrutiy14,2025-01-18,12:03:43,-08:00,2025-01-18T12:03:43-08:00,0,11
style.css,180,css,133f45d5,shrutiy14,2025-01-18,11:48:08,-08:00,2025-01-18T11:48:08-08:00,0,0
style.css,181,css,133f45d5,shrutiy14,2025-01-18,11:48:08,-08:00,2025-01-18T11:48:08-08:00,0,0
style.css,182,css,5196ec20,shrutiy14,2025-01-18,12:31:13,-08:00,2025-01-18T12:31:13-08:00,0,11
style.css,183,css,333ef241,shrutiy14,2025-01-18,12:03:43,-08:00,2025-01-18T12:03:43-08:00,0,21
style.css,184,css,333ef241,shrutiy14,2025-01-18,12:03:43,-08:00,2025-01-18T12:03:43-08:00,0,10
style.css,185,css,133f45d5,shrutiy14,2025-01-18,11:48:08,-08:00,2025-01-18T11:48:08-08:00,0,0
style.css,186,css,133f45d5,shrutiy14,2025-01-18,11:48:08,-08:00,2025-01-18T11:48:08-08:00,0,0
style.css,187,css,0a643279,shrutiy14,2025-01-18,12:29:32,-08:00,2025-01-18T12:29:32-08:00,0,14
style.css,188,css,333ef241,shrutiy14,2025-01-18,12:03:43,-08:00,2025-01-18T12:03:43-08:00,0,19
style.css,189,css,333ef241,shrutiy14,2025-01-18,12:03:43,-08:00,2025-01-18T12:03:43-08:00,0,11
style.css,190,css,333ef241,shrutiy14,2025-01-18,12:03:43,-08:00,2025-01-18T12:03:43-08:00,0,0
style.css,191,css,333ef241,shrutiy14,2025-01-18,12:03:43,-08:00,2025-01-18T12:03:43-08:00,0,0
style.css,192,css,5196ec20,shrutiy14,2025-01-18,12:31:13,-08:00,2025-01-18T12:31:13-08:00,0,3
style.css,193,css,333ef241,shrutiy14,2025-01-18,12:03:43,-08:00,2025-01-18T12:03:43-08:00,0,17
style.css,194,css,333ef241,shrutiy14,2025-01-18,12:03:43,-08:00,2025-01-18T12:03:43-08:00,0,21
style.css,195,css,133f45d5,shrutiy14,2025-01-18,11:48:08,-08:00,2025-01-18T11:48:08-08:00,0,0
style.css,196,css,133f45d5,shrutiy14,2025-01-18,11:48:08,-08:00,2025-01-18T11:48:08-08:00,0,0
style.css,197,css,5196ec20,shrutiy14,2025-01-18,12:31:13,-08:00,2025-01-18T12:31:13-08:00,0,2
style.css,198,css,333ef241,shrutiy14,2025-01-18,12:03:43,-08:00,2025-01-18T12:03:43-08:00,0,5
style.css,199,css,333ef241,shrutiy14,2025-01-18,12:03:43,-08:00,2025-01-18T12:03:43-08:00,0,11
style.css,200,css,133f45d5,shrutiy14,2025-01-18,11:48:08,-08:00,2025-01-18T11:48:08-08:00,0,0
style.css,201,css,133f45d5,shrutiy14,2025-01-18,11:48:08,-08:00,2025-01-18T11:48:08-08:00,0,0
style.css,202,css,5196ec20,shrutiy14,2025-01-18,12:31:13,-08:00,2025-01-18T12:31:13-08:00,0,5
style.css,203,css,333ef241,shrutiy14,2025-01-18,12:03:43,-08:00,2025-01-18T12:03:43-08:00,0,18
style.css,204,css,333ef241,shrutiy14,2025-01-18,12:03:43,-08:00,2025-01-18T12:03:43-08:00,0,11
style.css,205,css,133f45d5,shrutiy14,2025-01-18,11:48:08,-08:00,2025-01-18T11:48:08-08:00,0,0
style.css,206,css,133f45d5,shrutiy14,2025-01-18,11:48:08,-08:00,2025-01-18T11:48:08-08:00,0,0
style.css,207,css,b589be41,shrutiy14,2025-01-31,19:13:26,-08:00,2025-01-31T19:13:26-08:00,0,36
style.css,208,css,ba9affff,shrutiy14,2025-01-31,13:50:52,-08:00,2025-01-31T13:50:52-08:00,0,15
style.css,209,css,b589be41,shrutiy14,2025-01-31,19:13:26,-08:00,2025-01-31T19:13:26-08:00,0,16
style.css,210,css,b589be41,shrutiy14,2025-01-31,19:13:26,-08:00,2025-01-31T19:13:26-08:00,0,13
style.css,211,css,b589be41,shrutiy14,2025-01-31,19:13:26,-08:00,2025-01-31T19:13:26-08:00,0,60
style.css,212,css,b589be41,shrutiy14,2025-01-31,19:13:26,-08:00,2025-01-31T19:13:26-08:00,0,40
style.css,213,css,b589be41,shrutiy14,2025-01-31,19:13:26,-08:00,2025-01-31T19:13:26-08:00,0,63
style.css,214,css,ba9affff,shrutiy14,2025-01-31,13:50:52,-08:00,2025-01-31T13:50:52-08:00,0,0
style.css,215,css,ba9affff,shrutiy14,2025-01-31,13:50:52,-08:00,2025-01-31T13:50:52-08:00,0,0
style.css,216,css,b589be41,shrutiy14,2025-01-31,19:13:26,-08:00,2025-01-31T19:13:26-08:00,0,34
style.css,217,css,ba9affff,shrutiy14,2025-01-31,13:50:52,-08:00,2025-01-31T13:50:52-08:00,0,14
style.css,218,css,ba9affff,shrutiy14,2025-01-31,13:50:52,-08:00,2025-01-31T13:50:52-08:00,0,13
style.css,219,css,b589be41,shrutiy14,2025-01-31,19:13:26,-08:00,2025-01-31T19:13:26-08:00,0,65
style.css,220,css,b589be41,shrutiy14,2025-01-31,19:13:26,-08:00,2025-01-31T19:13:26-08:00,0,40
style.css,221,css,b589be41,shrutiy14,2025-01-31,19:13:26,-08:00,2025-01-31T19:13:26-08:00,0,18
style.css,222,css,b589be41,shrutiy14,2025-01-31,19:13:26,-08:00,2025-01-31T19:13:26-08:00,0,13
style.css,223,css,ba9affff,shrutiy14,2025-01-31,13:50:52,-08:00,2025-01-31T13:50:52-08:00,0,0
style.css,224,css,ba9affff,shrutiy14,2025-01-31,13:50:52,-08:00,2025-01-31T13:50:52-08:00,0,0
style.css,225,css,b589be41,shrutiy14,2025-01-31,19:13:26,-08:00,2025-01-31T19:13:26-08:00,0,26
style.css,226,css,ba9affff,shrutiy14,2025-01-31,13:50:52,-08:00,2025-01-31T13:50:52-08:00,0,17
style.css,227,css,ba9affff,shrutiy14,2025-01-31,13:50:52,-08:00,2025-01-31T13:50:52-08:00,0,17
style.css,228,css,b589be41,shrutiy14,2025-01-31,19:13:26,-08:00,2025-01-31T19:13:26-08:00,0,52
style.css,229,css,b589be41,shrutiy14,2025-01-31,19:13:26,-08:00,2025-01-31T19:13:26-08:00,0,11
style.css,230,css,ba9affff,shrutiy14,2025-01-31,13:50:52,-08:00,2025-01-31T13:50:52-08:00,0,0
style.css,231,css,ba9affff,shrutiy14,2025-01-31,13:50:52,-08:00,2025-01-31T13:50:52-08:00,0,0
style.css,232,css,b589be41,shrutiy14,2025-01-31,19:13:26,-08:00,2025-01-31T19:13:26-08:00,0,26
style.css,233,css,ba9affff,shrutiy14,2025-01-31,13:50:52,-08:00,2025-01-31T13:50:52-08:00,0,17
style.css,234,css,b589be41,shrutiy14,2025-01-31,19:13:26,-08:00,2025-01-31T19:13:26-08:00,0,53
style.css,235,css,b589be41,shrutiy14,2025-01-31,19:13:26,-08:00,2025-01-31T19:13:26-08:00,0,9
style.css,236,css,b589be41,shrutiy14,2025-01-31,19:13:26,-08:00,2025-01-31T19:13:26-08:00,0,11
style.css,237,css,ba9affff,shrutiy14,2025-01-31,13:50:52,-08:00,2025-01-31T13:50:52-08:00,0,0
style.css,238,css,ba9affff,shrutiy14,2025-01-31,13:50:52,-08:00,2025-01-31T13:50:52-08:00,0,0
style.css,239,css,b589be41,shrutiy14,2025-01-31,19:13:26,-08:00,2025-01-31T19:13:26-08:00,0,27
style.css,240,css,b589be41,shrutiy14,2025-01-31,19:13:26,-08:00,2025-01-31T19:13:26-08:00,0,16
style.css,241,css,b589be41,shrutiy14,2025-01-31,19:13:26,-08:00,2025-01-31T19:13:26-08:00,0,14
style.css,242,css,b589be41,shrutiy14,2025-01-31,19:13:26,-08:00,2025-01-31T19:13:26-08:00,0,21
style.css,243,css,ba9affff,shrutiy14,2025-01-31,13:50:52,-08:00,2025-01-31T13:50:52-08:00,0,0
style.css,244,css,ba9affff,shrutiy14,2025-01-31,13:50:52,-08:00,2025-01-31T13:50:52-08:00,0,0
style.css,245,css,b589be41,shrutiy14,2025-01-31,19:13:26,-08:00,2025-01-31T19:13:26-08:00,0,22
style.css,246,css,b589be41,shrutiy14,2025-01-31,19:13:26,-08:00,2025-01-31T19:13:26-08:00,0,26
style.css,247,css,ba9affff,shrutiy14,2025-01-31,13:50:52,-08:00,2025-01-31T13:50:52-08:00,0,0
style.css,248,css,ba9affff,shrutiy14,2025-01-31,13:50:52,-08:00,2025-01-31T13:50:52-08:00,0,0
style.css,249,css,2aa0b3b2,shrutiy14,2025-02-07,22:56:45,-08:00,2025-02-07T22:56:45-08:00,0,43
style.css,250,css,2aa0b3b2,shrutiy14,2025-02-07,22:56:45,-08:00,2025-02-07T22:56:45-08:00,0,11
style.css,251,css,2aa0b3b2,shrutiy14,2025-02-07,22:56:45,-08:00,2025-02-07T22:56:45-08:00,0,64
style.css,252,css,2aa0b3b2,shrutiy14,2025-02-07,22:56:45,-08:00,2025-02-07T22:56:45-08:00,0,52
style.css,253,css,2aa0b3b2,shrutiy14,2025-02-07,22:56:45,-08:00,2025-02-07T22:56:45-08:00,0,49
style.css,254,css,2aa0b3b2,shrutiy14,2025-02-07,22:56:45,-08:00,2025-02-07T22:56:45-08:00,0,59
style.css,255,css,2aa0b3b2,shrutiy14,2025-02-07,22:56:45,-08:00,2025-02-07T22:56:45-08:00,0,0
style.css,256,css,2aa0b3b2,shrutiy14,2025-02-07,22:56:45,-08:00,2025-02-07T22:56:45-08:00,0,0
style.css,257,css,2aa0b3b2,shrutiy14,2025-02-07,22:56:45,-08:00,2025-02-07T22:56:45-08:00,0,28
style.css,258,css,2aa0b3b2,shrutiy14,2025-02-07,22:56:45,-08:00,2025-02-07T22:56:45-08:00,0,4
style.css,259,css,2aa0b3b2,shrutiy14,2025-02-07,22:56:45,-08:00,2025-02-07T22:56:45-08:00,0,49
style.css,260,css,2aa0b3b2,shrutiy14,2025-02-07,22:56:45,-08:00,2025-02-07T22:56:45-08:00,0,51
style.css,261,css,2aa0b3b2,shrutiy14,2025-02-07,22:56:45,-08:00,2025-02-07T22:56:45-08:00,0,0
style.css,262,css,2aa0b3b2,shrutiy14,2025-02-07,22:56:45,-08:00,2025-02-07T22:56:45-08:00,0,0
style.css,263,css,2aa0b3b2,shrutiy14,2025-02-07,22:56:45,-08:00,2025-02-07T22:56:45-08:00,0,19
style.css,264,css,2aa0b3b2,shrutiy14,2025-02-07,22:56:45,-08:00,2025-02-07T22:56:45-08:00,0,8
style.css,265,css,02c83db7,shrutiy14,2025-02-07,21:16:41,-08:00,2025-02-07T21:16:41-08:00,0,13
style.css,266,css,02c83db7,shrutiy14,2025-02-07,21:16:41,-08:00,2025-02-07T21:16:41-08:00,0,115
style.css,267,css,02c83db7,shrutiy14,2025-02-07,21:16:41,-08:00,2025-02-07T21:16:41-08:00,0,41
style.css,268,css,02c83db7,shrutiy14,2025-02-07,21:16:41,-08:00,2025-02-07T21:16:41-08:00,0,44
style.css,269,css,02c83db7,shrutiy14,2025-02-07,21:16:41,-08:00,2025-02-07T21:16:41-08:00,0,53
style.css,270,css,02c83db7,shrutiy14,2025-02-07,21:16:41,-08:00,2025-02-07T21:16:41-08:00,0,64
style.css,271,css,2aa0b3b2,shrutiy14,2025-02-07,22:56:45,-08:00,2025-02-07T22:56:45-08:00,0,55
style.css,272,css,02c83db7,shrutiy14,2025-02-07,21:16:41,-08:00,2025-02-07T21:16:41-08:00,0,0
style.css,273,css,02c83db7,shrutiy14,2025-02-07,21:16:41,-08:00,2025-02-07T21:16:41-08:00,0,0
style.css,274,css,02c83db7,shrutiy14,2025-02-07,21:16:41,-08:00,2025-02-07T21:16:41-08:00,0,34
style.css,275,css,02c83db7,shrutiy14,2025-02-07,21:16:41,-08:00,2025-02-07T21:16:41-08:00,0,13
style.css,276,css,02c83db7,shrutiy14,2025-02-07,21:16:41,-08:00,2025-02-07T21:16:41-08:00,0,13
style.css,277,css,02c83db7,shrutiy14,2025-02-07,21:16:41,-08:00,2025-02-07T21:16:41-08:00,0,55
style.css,278,css,02c83db7,shrutiy14,2025-02-07,21:16:41,-08:00,2025-02-07T21:16:41-08:00,0,54
style.css,279,css,02c83db7,shrutiy14,2025-02-07,21:16:41,-08:00,2025-02-07T21:16:41-08:00,0,52
style.css,280,css,02c83db7,shrutiy14,2025-02-07,21:16:41,-08:00,2025-02-07T21:16:41-08:00,0,0
style.css,281,css,02c83db7,shrutiy14,2025-02-07,21:16:41,-08:00,2025-02-07T21:16:41-08:00,0,0
style.css,282,css,02c83db7,shrutiy14,2025-02-07,21:16:41,-08:00,2025-02-07T21:16:41-08:00,0,42
style.css,283,css,02c83db7,shrutiy14,2025-02-07,21:16:41,-08:00,2025-02-07T21:16:41-08:00,0,16
style.css,284,css,02c83db7,shrutiy14,2025-02-07,21:16:41,-08:00,2025-02-07T21:16:41-08:00,0,21
style.css,285,css,02c83db7,shrutiy14,2025-02-07,21:16:41,-08:00,2025-02-07T21:16:41-08:00,0,10
style.css,286,css,02c83db7,shrutiy14,2025-02-07,21:16:41,-08:00,2025-02-07T21:16:41-08:00,0,11
style.css,287,css,02c83db7,shrutiy14,2025-02-07,21:16:41,-08:00,2025-02-07T21:16:41-08:00,0,61
style.css,288,css,02c83db7,shrutiy14,2025-02-07,21:16:41,-08:00,2025-02-07T21:16:41-08:00,0,49
style.css,289,css,02c83db7,shrutiy14,2025-02-07,21:16:41,-08:00,2025-02-07T21:16:41-08:00,0,0
style.css,290,css,2aa0b3b2,shrutiy14,2025-02-07,22:56:45,-08:00,2025-02-07T22:56:45-08:00,0,0
style.css,291,css,2aa0b3b2,shrutiy14,2025-02-07,22:56:45,-08:00,2025-02-07T22:56:45-08:00,0,45
style.css,292,css,2aa0b3b2,shrutiy14,2025-02-07,22:56:45,-08:00,2025-02-07T22:56:45-08:00,0,5
style.css,293,css,2aa0b3b2,shrutiy14,2025-02-07,22:56:45,-08:00,2025-02-07T22:56:45-08:00,0,62
style.css,294,css,2aa0b3b2,shrutiy14,2025-02-07,22:56:45,-08:00,2025-02-07T22:56:45-08:00,0,0
style.css,295,css,2aa0b3b2,shrutiy14,2025-02-07,22:56:45,-08:00,2025-02-07T22:56:45-08:00,0,0
style.css,296,css,2aa0b3b2,shrutiy14,2025-02-07,22:56:45,-08:00,2025-02-07T22:56:45-08:00,0,65
style.css,297,css,2aa0b3b2,shrutiy14,2025-02-07,22:56:45,-08:00,2025-02-07T22:56:45-08:00,0,37
style.css,298,css,2aa0b3b2,shrutiy14,2025-02-07,22:56:45,-08:00,2025-02-07T22:56:45-08:00,0,40
style.css,299,css,2aa0b3b2,shrutiy14,2025-02-07,22:56:45,-08:00,2025-02-07T22:56:45-08:00,0,0
style.css,300,css,2aa0b3b2,shrutiy14,2025-02-07,22:56:45,-08:00,2025-02-07T22:56:45-08:00,0,0
style.css,301,css,2aa0b3b2,shrutiy14,2025-02-07,22:56:45,-08:00,2025-02-07T22:56:45-08:00,0,45
style.css,302,css,2aa0b3b2,shrutiy14,2025-02-07,22:56:45,-08:00,2025-02-07T22:56:45-08:00,0,5
style.css,303,css,2aa0b3b2,shrutiy14,2025-02-07,22:56:45,-08:00,2025-02-07T22:56:45-08:00,0,25
style.css,304,css,2aa0b3b2,shrutiy14,2025-02-07,22:56:45,-08:00,2025-02-07T22:56:45-08:00,0,59
style.css,305,css,2aa0b3b2,shrutiy14,2025-02-07,22:56:45,-08:00,2025-02-07T22:56:45-08:00,0,0
style.css,306,css,02c83db7,shrutiy14,2025-02-07,21:16:41,-08:00,2025-02-07T21:16:41-08:00,0,0
style.css,307,css,2aa0b3b2,shrutiy14,2025-02-07,22:56:45,-08:00,2025-02-07T22:56:45-08:00,0,1
style.css,308,css,2aa0b3b2,shrutiy14,2025-02-07,22:56:45,-08:00,2025-02-07T22:56:45-08:00,0,10
style.css,309,css,2aa0b3b2,shrutiy14,2025-02-07,22:56:45,-08:00,2025-02-07T22:56:45-08:00,0,79
style.css,310,css,2aa0b3b2,shrutiy14,2025-02-07,22:56:45,-08:00,2025-02-07T22:56:45-08:00,0,5
style.css,311,css,2aa0b3b2,shrutiy14,2025-02-07,22:56:45,-08:00,2025-02-07T22:56:45-08:00,0,10
style.css,312,css,2aa0b3b2,shrutiy14,2025-02-07,22:56:45,-08:00,2025-02-07T22:56:45-08:00,0,74
style.css,313,css,02c83db7,shrutiy14,2025-02-07,21:16:41,-08:00,2025-02-07T21:16:41-08:00,0,0
style.css,314,css,02c83db7,shrutiy14,2025-02-07,21:16:41,-08:00,2025-02-07T21:16:41-08:00,0,0
style.css,315,css,2aa0b3b2,shrutiy14,2025-02-07,22:56:45,-08:00,2025-02-07T22:56:45-08:00,0,0
style.css,316,css,2aa0b3b2,shrutiy14,2025-02-07,22:56:45,-08:00,2025-02-07T22:56:45-08:00,0,48
style.css,317,css,2aa0b3b2,shrutiy14,2025-02-07,22:56:45,-08:00,2025-02-07T22:56:45-08:00,0,22
style.css,318,css,2aa0b3b2,shrutiy14,2025-02-07,22:56:45,-08:00,2025-02-07T22:56:45-08:00,0,59
style.css,319,css,2aa0b3b2,shrutiy14,2025-02-07,22:56:45,-08:00,2025-02-07T22:56:45-08:00,0,64
style.css,320,css,2aa0b3b2,shrutiy14,2025-02-07,22:56:45,-08:00,2025-02-07T22:56:45-08:00,0,0
style.css,321,css,3be733f7,shrutiy14,2025-02-07,15:35:39,-08:00,2025-02-07T15:35:39-08:00,0,0
style.css,322,css,2aa0b3b2,shrutiy14,2025-02-07,22:56:45,-08:00,2025-02-07T22:56:45-08:00,0,0
style.css,323,css,2aa0b3b2,shrutiy14,2025-02-07,22:56:45,-08:00,2025-02-07T22:56:45-08:00,0,0
style.css,324,css,ba9affff,shrutiy14,2025-01-31,13:50:52,-08:00,2025-01-31T13:50:52-08:00,0,0
style.css,325,css,bb1fa08b,shrutiy14,2025-01-18,12:25:59,-08:00,2025-01-18T12:25:59-08:00,0,0
style.css,326,css,133f45d5,shrutiy14,2025-01-18,11:48:08,-08:00,2025-01-18T11:48:08-08:00,0,0
style.css,327,css,b589be41,shrutiy14,2025-01-31,19:13:26,-08:00,2025-01-31T19:13:26-08:00,0,0
style.css,328,css,b589be41,shrutiy14,2025-01-31,19:13:26,-08:00,2025-01-31T19:13:26-08:00,0,0
style.css,329,css,b589be41,shrutiy14,2025-01-31,19:13:26,-08:00,2025-01-31T19:13:26-08:00,0,0
style.css,330,css,b589be41,shrutiy14,2025-01-31,19:13:26,-08:00,2025-01-31T19:13:26-08:00,0,0
style.css,331,css,fb13bcdd,shrutiy14,2025-01-18,00:27:31,-08:00,2025-01-18T00:27:31-08:00,0,0
style.css,332,css,4126b2cb,shrutiy14,2025-01-18,00:33:53,-08:00,2025-01-18T00:33:53-08:00,0,0
style.css,333,css,6a8365b7,shrutiy14,2025-01-17,22:07:26,-08:00,2025-01-17T22:07:26-08:00,0,0
index.js,1,js,f7fe84b3,shrutiy14,2025-01-31,14:29:22,-08:00,2025-01-31T14:29:22-08:00,0,71
index.js,2,js,d2ec1fe4,shrutiy14,2025-01-31,12:35:50,-08:00,2025-01-31T12:35:50-08:00,0,55
index.js,3,js,d2ec1fe4,shrutiy14,2025-01-31,12:35:50,-08:00,2025-01-31T12:35:50-08:00,0,43
index.js,4,js,d2ec1fe4,shrutiy14,2025-01-31,12:35:50,-08:00,2025-01-31T12:35:50-08:00,0,61
index.js,5,js,9b3b42f3,shrutiy14,2025-01-31,12:57:43,-08:00,2025-01-31T12:57:43-08:00,0,55
index.js,6,js,b589be41,shrutiy14,2025-01-31,19:13:26,-08:00,2025-01-31T19:13:26-08:00,0,55
index.js,7,js,b589be41,shrutiy14,2025-01-31,19:13:26,-08:00,2025-01-31T19:13:26-08:00,0,41
index.js,8,js,c4a7d8d0,shrutiy14,2025-01-31,16:15:51,-08:00,2025-01-31T16:15:51-08:00,0,0
index.js,9,js,ba9affff,shrutiy14,2025-01-31,13:50:52,-08:00,2025-01-31T13:50:52-08:00,0,61
index.js,10,js,b589be41,shrutiy14,2025-01-31,19:13:26,-08:00,2025-01-31T19:13:26-08:00,0,53
index.js,11,js,b589be41,shrutiy14,2025-01-31,19:13:26,-08:00,2025-01-31T19:13:26-08:00,0,56
index.js,12,js,ba9affff,shrutiy14,2025-01-31,13:50:52,-08:00,2025-01-31T13:50:52-08:00,0,18
index.js,13,js,ba9affff,shrutiy14,2025-01-31,13:50:52,-08:00,2025-01-31T13:50:52-08:00,0,25
index.js,14,js,b589be41,shrutiy14,2025-01-31,19:13:26,-08:00,2025-01-31T19:13:26-08:00,0,24
index.js,15,js,ba9affff,shrutiy14,2025-01-31,13:50:52,-08:00,2025-01-31T13:50:52-08:00,0,56
index.js,16,js,ba9affff,shrutiy14,2025-01-31,13:50:52,-08:00,2025-01-31T13:50:52-08:00,0,56
index.js,17,js,ba9affff,shrutiy14,2025-01-31,13:50:52,-08:00,2025-01-31T13:50:52-08:00,0,50
index.js,18,js,ba9affff,shrutiy14,2025-01-31,13:50:52,-08:00,2025-01-31T13:50:52-08:00,0,50
index.js,19,js,ba9affff,shrutiy14,2025-01-31,13:50:52,-08:00,2025-01-31T13:50:52-08:00,0,4
index.js,20,js,ba9affff,shrutiy14,2025-01-31,13:50:52,-08:00,2025-01-31T13:50:52-08:00,0,1
index.js,21,js,b589be41,shrutiy14,2025-01-31,19:13:26,-08:00,2025-01-31T19:13:26-08:00,0,0
index.js,22,js,b589be41,shrutiy14,2025-01-31,19:13:26,-08:00,2025-01-31T19:13:26-08:00,0,43
index.js,23,js,b589be41,shrutiy14,2025-01-31,19:13:26,-08:00,2025-01-31T19:13:26-08:00,0,0
index.js,24,js,b589be41,shrutiy14,2025-01-31,19:13:26,-08:00,2025-01-31T19:13:26-08:00,0,1
index.js,25,js,b589be41,shrutiy14,2025-01-31,19:13:26,-08:00,2025-01-31T19:13:26-08:00,0,74
index.js,26,js,b589be41,shrutiy14,2025-01-31,19:13:26,-08:00,2025-01-31T19:13:26-08:00,0,32
index.js,27,js,b589be41,shrutiy14,2025-01-31,19:13:26,-08:00,2025-01-31T19:13:26-08:00,0,61
index.js,28,js,b589be41,shrutiy14,2025-01-31,19:13:26,-08:00,2025-01-31T19:13:26-08:00,0,45
index.js,29,js,b589be41,shrutiy14,2025-01-31,19:13:26,-08:00,2025-01-31T19:13:26-08:00,0,53
index.js,30,js,b589be41,shrutiy14,2025-01-31,19:13:26,-08:00,2025-01-31T19:13:26-08:00,0,0
index.js,31,js,b589be41,shrutiy14,2025-01-31,19:13:26,-08:00,2025-01-31T19:13:26-08:00,0,56
index.js,32,js,b589be41,shrutiy14,2025-01-31,19:13:26,-08:00,2025-01-31T19:13:26-08:00,0,0
index.js,33,js,b589be41,shrutiy14,2025-01-31,19:13:26,-08:00,2025-01-31T19:13:26-08:00,0,0
index.js,34,js,b589be41,shrutiy14,2025-01-31,19:13:26,-08:00,2025-01-31T19:13:26-08:00,0,18
index.js,35,js,b589be41,shrutiy14,2025-01-31,19:13:26,-08:00,2025-01-31T19:13:26-08:00,0,25
index.js,36,js,b589be41,shrutiy14,2025-01-31,19:13:26,-08:00,2025-01-31T19:13:26-08:00,0,3
index.js,37,js,b589be41,shrutiy14,2025-01-31,19:13:26,-08:00,2025-01-31T19:13:26-08:00,0,56
index.js,38,js,b589be41,shrutiy14,2025-01-31,19:13:26,-08:00,2025-01-31T19:13:26-08:00,0,56
index.js,39,js,b589be41,shrutiy14,2025-01-31,19:13:26,-08:00,2025-01-31T19:13:26-08:00,0,50
index.js,40,js,b589be41,shrutiy14,2025-01-31,19:13:26,-08:00,2025-01-31T19:13:26-08:00,0,50
index.js,41,js,b589be41,shrutiy14,2025-01-31,19:13:26,-08:00,2025-01-31T19:13:26-08:00,0,4
index.js,42,js,b589be41,shrutiy14,2025-01-31,19:13:26,-08:00,2025-01-31T19:13:26-08:00,0,1
index.js,43,js,b589be41,shrutiy14,2025-01-31,19:13:26,-08:00,2025-01-31T19:13:26-08:00,0,0
index.js,44,js,b589be41,shrutiy14,2025-01-31,19:13:26,-08:00,2025-01-31T19:13:26-08:00,0,43
index.js,45,js,b589be41,shrutiy14,2025-01-31,19:13:26,-08:00,2025-01-31T19:13:26-08:00,0,0
index.js,46,js,b589be41,shrutiy14,2025-01-31,19:13:26,-08:00,2025-01-31T19:13:26-08:00,0,0
index.js,47,js,b589be41,shrutiy14,2025-01-31,19:13:26,-08:00,2025-01-31T19:13:26-08:00,0,18
index.js,48,js,b589be41,shrutiy14,2025-01-31,19:13:26,-08:00,2025-01-31T19:13:26-08:00,0,0
index.html,1,html,42f20d25,shrutiy14,2025-01-10,10:09:34,-08:00,2025-01-10T10:09:34-08:00,0,14
index.html,2,html,b589be41,shrutiy14,2025-01-31,19:13:26,-08:00,2025-01-31T19:13:26-08:00,0,39
index.html,3,html,b589be41,shrutiy14,2025-01-31,19:13:26,-08:00,2025-01-31T19:13:26-08:00,0,0
index.html,4,html,70148444,shrutiy14,2025-01-28,16:59:03,-08:00,2025-01-28T16:59:03-08:00,0,0
index.html,5,html,42f20d25,shrutiy14,2025-01-10,10:09:34,-08:00,2025-01-10T10:09:34-08:00,0,5
index.html,6,html,42f20d25,shrutiy14,2025-01-10,10:09:34,-08:00,2025-01-10T10:09:34-08:00,0,21
index.html,7,html,42f20d25,shrutiy14,2025-01-10,10:09:34,-08:00,2025-01-10T10:09:34-08:00,0,69
index.html,8,html,42f20d25,shrutiy14,2025-01-10,10:09:34,-08:00,2025-01-10T10:09:34-08:00,0,58
index.html,9,html,2534b556,shrutiy14,2025-01-10,12:34:04,-08:00,2025-01-10T12:34:04-08:00,0,39
index.html,10,html,42f20d25,shrutiy14,2025-01-10,10:09:34,-08:00,2025-01-10T10:09:34-08:00,0,6
index.html,11,html,42f20d25,shrutiy14,2025-01-10,10:09:34,-08:00,2025-01-10T10:09:34-08:00,0,5
index.html,12,html,add18883,shrutiy14,2025-01-10,12:53:26,-08:00,2025-01-10T12:53:26-08:00,0,4
index.html,13,html,44e22b4a,shrutiy14,2025-01-24,19:41:54,-08:00,2025-01-24T19:41:54-08:00,0,3
index.html,14,html,19a2e026,shrutiy14,2025-01-23,21:11:37,-08:00,2025-01-23T21:11:37-08:00,0,20
index.html,15,html,8d52de1a,shrutiy14,2025-01-10,17:44:55,-08:00,2025-01-10T17:44:55-08:00,0,31
index.html,16,html,8d52de1a,shrutiy14,2025-01-10,17:44:55,-08:00,2025-01-10T17:44:55-08:00,0,29
index.html,17,html,0ed16e7e,shrutiy14,2025-01-10,18:18:39,-08:00,2025-01-10T18:18:39-08:00,0,27
index.html,18,html,8dc0695e,shrutiy14,2025-01-10,14:26:05,-08:00,2025-01-10T14:26:05-08:00,0,64
index.html,19,html,44e22b4a,shrutiy14,2025-01-24,19:41:54,-08:00,2025-01-24T19:41:54-08:00,0,2
index.html,20,html,add18883,shrutiy14,2025-01-10,12:53:26,-08:00,2025-01-10T12:53:26-08:00,0,5
index.html,21,html,42f20d25,shrutiy14,2025-01-10,10:09:34,-08:00,2025-01-10T10:09:34-08:00,0,21
index.html,22,html,42f20d25,shrutiy14,2025-01-10,10:09:34,-08:00,2025-01-10T10:09:34-08:00,0,103
index.html,23,html,cdc137fe,shrutiy14,2025-01-10,12:29:58,-08:00,2025-01-10T12:29:58-08:00,0,66
index.html,24,html,d2ec1fe4,shrutiy14,2025-01-31,12:35:50,-08:00,2025-01-31T12:35:50-08:00,0,0
index.html,25,html,b589be41,shrutiy14,2025-01-31,19:13:26,-08:00,2025-01-31T19:13:26-08:00,0,0
index.html,26,html,d2ec1fe4,shrutiy14,2025-01-31,12:35:50,-08:00,2025-01-31T12:35:50-08:00,0,23
index.html,27,html,d2ec1fe4,shrutiy14,2025-01-31,12:35:50,-08:00,2025-01-31T12:35:50-08:00,0,21
index.html,28,html,d2ec1fe4,shrutiy14,2025-01-31,12:35:50,-08:00,2025-01-31T12:35:50-08:00,0,50
index.html,29,html,d2ec1fe4,shrutiy14,2025-01-31,12:35:50,-08:00,2025-01-31T12:35:50-08:00,0,5
index.html,30,html,ba9affff,shrutiy14,2025-01-31,13:50:52,-08:00,2025-01-31T13:50:52-08:00,0,0
index.html,31,html,b589be41,shrutiy14,2025-01-31,19:13:26,-08:00,2025-01-31T19:13:26-08:00,0,26
index.html,32,html,b589be41,shrutiy14,2025-01-31,19:13:26,-08:00,2025-01-31T19:13:26-08:00,0,29
index.html,33,html,f52c7093,shrutiy14,2025-01-31,15:13:08,-08:00,2025-01-31T15:13:08-08:00,0,0
index.html,34,html,ebf48876,shrutiy14,2025-01-23,20:10:13,-08:00,2025-01-23T20:10:13-08:00,0,46
index.html,35,html,d2ec1fe4,shrutiy14,2025-01-31,12:35:50,-08:00,2025-01-31T12:35:50-08:00,0,51
index.html,36,html,42f20d25,shrutiy14,2025-01-10,10:09:34,-08:00,2025-01-10T10:09:34-08:00,0,6
index.html,37,html,add18883,shrutiy14,2025-01-10,12:53:26,-08:00,2025-01-10T12:53:26-08:00,0,6
global.js,1,js,ebf48876,shrutiy14,2025-01-23,20:10:13,-08:00,2025-01-23T20:10:13-08:00,0,26
global.js,2,js,ebf48876,shrutiy14,2025-01-23,20:10:13,-08:00,2025-01-23T20:10:13-08:00,0,0
global.js,3,js,ebf48876,shrutiy14,2025-01-23,20:10:13,-08:00,2025-01-23T20:10:13-08:00,0,42
global.js,4,js,ebf48876,shrutiy14,2025-01-23,20:10:13,-08:00,2025-01-23T20:10:13-08:00,0,53
global.js,5,js,ebf48876,shrutiy14,2025-01-23,20:10:13,-08:00,2025-01-23T20:10:13-08:00,0,0
global.js,6,js,19a2e026,shrutiy14,2025-01-23,21:11:37,-08:00,2025-01-23T21:11:37-08:00,0,0
global.js,7,js,44e22b4a,shrutiy14,2025-01-24,19:41:54,-08:00,2025-01-24T19:41:54-08:00,0,29
global.js,8,js,19a2e026,shrutiy14,2025-01-23,21:11:37,-08:00,2025-01-23T21:11:37-08:00,0,0
global.js,9,js,44e22b4a,shrutiy14,2025-01-24,19:41:54,-08:00,2025-01-24T19:41:54-08:00,0,34
global.js,10,js,44e22b4a,shrutiy14,2025-01-24,19:41:54,-08:00,2025-01-24T19:41:54-08:00,0,71
global.js,11,js,44e22b4a,shrutiy14,2025-01-24,19:41:54,-08:00,2025-01-24T19:41:54-08:00,0,4
global.js,12,js,44e22b4a,shrutiy14,2025-01-24,19:41:54,-08:00,2025-01-24T19:41:54-08:00,0,0
global.js,13,js,44e22b4a,shrutiy14,2025-01-24,19:41:54,-08:00,2025-01-24T19:41:54-08:00,0,40
global.js,14,js,44e22b4a,shrutiy14,2025-01-24,19:41:54,-08:00,2025-01-24T19:41:54-08:00,0,0
global.js,15,js,44e22b4a,shrutiy14,2025-01-24,19:41:54,-08:00,2025-01-24T19:41:54-08:00,0,12
global.js,16,js,c1529777,shrutiy14,2025-01-28,17:05:11,-08:00,2025-01-28T17:05:11-08:00,0,26
global.js,17,js,c1529777,shrutiy14,2025-01-28,17:05:11,-08:00,2025-01-28T17:05:11-08:00,0,39
global.js,18,js,c1529777,shrutiy14,2025-01-28,17:05:11,-08:00,2025-01-28T17:05:11-08:00,0,37
global.js,19,js,c1529777,shrutiy14,2025-01-28,17:05:11,-08:00,2025-01-28T17:05:11-08:00,0,35
global.js,20,js,00000000,Not Committed Yet,2025-02-14,00:02:02,-08:00,2025-02-14T00:02:02-08:00,0,31
global.js,21,js,44e22b4a,shrutiy14,2025-01-24,19:41:54,-08:00,2025-01-24T19:41:54-08:00,0,56
global.js,22,js,44e22b4a,shrutiy14,2025-01-24,19:41:54,-08:00,2025-01-24T19:41:54-08:00,0,1
global.js,23,js,44e22b4a,shrutiy14,2025-01-24,19:41:54,-08:00,2025-01-24T19:41:54-08:00,0,0
global.js,24,js,44e22b4a,shrutiy14,2025-01-24,19:41:54,-08:00,2025-01-24T19:41:54-08:00,0,71
global.js,25,js,44e22b4a,shrutiy14,2025-01-24,19:41:54,-08:00,2025-01-24T19:41:54-08:00,0,0
global.js,26,js,44e22b4a,shrutiy14,2025-01-24,19:41:54,-08:00,2025-01-24T19:41:54-08:00,0,39
global.js,27,js,44e22b4a,shrutiy14,2025-01-24,19:41:54,-08:00,2025-01-24T19:41:54-08:00,0,26
global.js,28,js,44e22b4a,shrutiy14,2025-01-24,19:41:54,-08:00,2025-01-24T19:41:54-08:00,0,0
global.js,29,js,44e22b4a,shrutiy14,2025-01-24,19:41:54,-08:00,2025-01-24T19:41:54-08:00,0,21
global.js,30,js,44e22b4a,shrutiy14,2025-01-24,19:41:54,-08:00,2025-01-24T19:41:54-08:00,0,15
global.js,31,js,44e22b4a,shrutiy14,2025-01-24,19:41:54,-08:00,2025-01-24T19:41:54-08:00,0,19
global.js,32,js,44e22b4a,shrutiy14,2025-01-24,19:41:54,-08:00,2025-01-24T19:41:54-08:00,0,0
global.js,33,js,44e22b4a,shrutiy14,2025-01-24,19:41:54,-08:00,2025-01-24T19:41:54-08:00,0,56
global.js,34,js,44e22b4a,shrutiy14,2025-01-24,19:41:54,-08:00,2025-01-24T19:41:54-08:00,0,65
global.js,35,js,44e22b4a,shrutiy14,2025-01-24,19:41:54,-08:00,2025-01-24T19:41:54-08:00,0,0
global.js,36,js,44e22b4a,shrutiy14,2025-01-24,19:41:54,-08:00,2025-01-24T19:41:54-08:00,0,37
global.js,37,js,44e22b4a,shrutiy14,2025-01-24,19:41:54,-08:00,2025-01-24T19:41:54-08:00,0,71
global.js,38,js,44e22b4a,shrutiy14,2025-01-24,19:41:54,-08:00,2025-01-24T19:41:54-08:00,0,35
global.js,39,js,44e22b4a,shrutiy14,2025-01-24,19:41:54,-08:00,2025-01-24T19:41:54-08:00,0,12
global.js,40,js,44e22b4a,shrutiy14,2025-01-24,19:41:54,-08:00,2025-01-24T19:41:54-08:00,0,21
global.js,41,js,44e22b4a,shrutiy14,2025-01-24,19:41:54,-08:00,2025-01-24T19:41:54-08:00,0,0
global.js,42,js,44e22b4a,shrutiy14,2025-01-24,19:41:54,-08:00,2025-01-24T19:41:54-08:00,0,18
global.js,43,js,44e22b4a,shrutiy14,2025-01-24,19:41:54,-08:00,2025-01-24T19:41:54-08:00,0,9
global.js,44,js,44e22b4a,shrutiy14,2025-01-24,19:41:54,-08:00,2025-01-24T19:41:54-08:00,0,59
global.js,45,js,44e22b4a,shrutiy14,2025-01-24,19:41:54,-08:00,2025-01-24T19:41:54-08:00,0,1
global.js,46,js,44e22b4a,shrutiy14,2025-01-24,19:41:54,-08:00,2025-01-24T19:41:54-08:00,0,0
global.js,47,js,44e22b4a,shrutiy14,2025-01-24,19:41:54,-08:00,2025-01-24T19:41:54-08:00,0,30
global.js,48,js,44e22b4a,shrutiy14,2025-01-24,19:41:54,-08:00,2025-01-24T19:41:54-08:00,0,19
global.js,49,js,44e22b4a,shrutiy14,2025-01-24,19:41:54,-08:00,2025-01-24T19:41:54-08:00,0,0
global.js,50,js,44e22b4a,shrutiy14,2025-01-24,19:41:54,-08:00,2025-01-24T19:41:54-08:00,0,0
global.js,51,js,44e22b4a,shrutiy14,2025-01-24,19:41:54,-08:00,2025-01-24T19:41:54-08:00,0,13
global.js,52,js,44e22b4a,shrutiy14,2025-01-24,19:41:54,-08:00,2025-01-24T19:41:54-08:00,0,0
global.js,53,js,44e22b4a,shrutiy14,2025-01-24,19:41:54,-08:00,2025-01-24T19:41:54-08:00,0,0
global.js,54,js,44e22b4a,shrutiy14,2025-01-24,19:41:54,-08:00,2025-01-24T19:41:54-08:00,0,0
global.js,55,js,44e22b4a,shrutiy14,2025-01-24,19:41:54,-08:00,2025-01-24T19:41:54-08:00,0,52
global.js,56,js,19a2e026,shrutiy14,2025-01-23,21:11:37,-08:00,2025-01-23T21:11:37-08:00,0,31
global.js,57,js,19a2e026,shrutiy14,2025-01-23,21:11:37,-08:00,2025-01-23T21:11:37-08:00,0,66
global.js,58,js,19a2e026,shrutiy14,2025-01-23,21:11:37,-08:00,2025-01-23T21:11:37-08:00,0,1
global.js,59,js,19a2e026,shrutiy14,2025-01-23,21:11:37,-08:00,2025-01-23T21:11:37-08:00,0,0
global.js,60,js,44e22b4a,shrutiy14,2025-01-24,19:41:54,-08:00,2025-01-24T19:41:54-08:00,0,37
global.js,61,js,44e22b4a,shrutiy14,2025-01-24,19:41:54,-08:00,2025-01-24T19:41:54-08:00,0,0
global.js,62,js,44e22b4a,shrutiy14,2025-01-24,19:41:54,-08:00,2025-01-24T19:41:54-08:00,0,32
global.js,63,js,44e22b4a,shrutiy14,2025-01-24,19:41:54,-08:00,2025-01-24T19:41:54-08:00,0,12
global.js,64,js,44e22b4a,shrutiy14,2025-01-24,19:41:54,-08:00,2025-01-24T19:41:54-08:00,0,0
global.js,65,js,44e22b4a,shrutiy14,2025-01-24,19:41:54,-08:00,2025-01-24T19:41:54-08:00,0,27
global.js,66,js,44e22b4a,shrutiy14,2025-01-24,19:41:54,-08:00,2025-01-24T19:41:54-08:00,0,5
global.js,67,js,44e22b4a,shrutiy14,2025-01-24,19:41:54,-08:00,2025-01-24T19:41:54-08:00,0,7
global.js,68,js,44e22b4a,shrutiy14,2025-01-24,19:41:54,-08:00,2025-01-24T19:41:54-08:00,0,44
global.js,69,js,44e22b4a,shrutiy14,2025-01-24,19:41:54,-08:00,2025-01-24T19:41:54-08:00,0,35
global.js,70,js,44e22b4a,shrutiy14,2025-01-24,19:41:54,-08:00,2025-01-24T19:41:54-08:00,0,33
global.js,71,js,44e22b4a,shrutiy14,2025-01-24,19:41:54,-08:00,2025-01-24T19:41:54-08:00,0,8
global.js,72,js,44e22b4a,shrutiy14,2025-01-24,19:41:54,-08:00,2025-01-24T19:41:54-08:00,0,7
global.js,73,js,44e22b4a,shrutiy14,2025-01-24,19:41:54,-08:00,2025-01-24T19:41:54-08:00,0,2
global.js,74,js,44e22b4a,shrutiy14,2025-01-24,19:41:54,-08:00,2025-01-24T19:41:54-08:00,0,0
global.js,75,js,00000000,Not Committed Yet,2025-02-14,00:02:02,-08:00,2025-02-14T00:02:02-08:00,0,0
global.js,76,js,00000000,Not Committed Yet,2025-02-14,00:02:02,-08:00,2025-02-14T00:02:02-08:00,0,0
global.js,77,js,00000000,Not Committed Yet,2025-02-14,00:02:02,-08:00,2025-02-14T00:02:02-08:00,0,0
global.js,78,js,44e22b4a,shrutiy14,2025-01-24,19:41:54,-08:00,2025-01-24T19:41:54-08:00,0,61
global.js,79,js,44e22b4a,shrutiy14,2025-01-24,19:41:54,-08:00,2025-01-24T19:41:54-08:00,0,37
global.js,80,js,44e22b4a,shrutiy14,2025-01-24,19:41:54,-08:00,2025-01-24T19:41:54-08:00,0,71
global.js,81,js,44e22b4a,shrutiy14,2025-01-24,19:41:54,-08:00,2025-01-24T19:41:54-08:00,0,38
global.js,82,js,44e22b4a,shrutiy14,2025-01-24,19:41:54,-08:00,2025-01-24T19:41:54-08:00,0,26
global.js,83,js,44e22b4a,shrutiy14,2025-01-24,19:41:54,-08:00,2025-01-24T19:41:54-08:00,0,0
global.js,84,js,44e22b4a,shrutiy14,2025-01-24,19:41:54,-08:00,2025-01-24T19:41:54-08:00,0,0
global.js,85,js,44e22b4a,shrutiy14,2025-01-24,19:41:54,-08:00,2025-01-24T19:41:54-08:00,0,0
global.js,86,js,44e22b4a,shrutiy14,2025-01-24,19:41:54,-08:00,2025-01-24T19:41:54-08:00,0,50
global.js,87,js,44e22b4a,shrutiy14,2025-01-24,19:41:54,-08:00,2025-01-24T19:41:54-08:00,0,55
global.js,88,js,44e22b4a,shrutiy14,2025-01-24,19:41:54,-08:00,2025-01-24T19:41:54-08:00,0,34
global.js,89,js,44e22b4a,shrutiy14,2025-01-24,19:41:54,-08:00,2025-01-24T19:41:54-08:00,0,2
global.js,90,js,44e22b4a,shrutiy14,2025-01-24,19:41:54,-08:00,2025-01-24T19:41:54-08:00,0,0
global.js,91,js,44e22b4a,shrutiy14,2025-01-24,19:41:54,-08:00,2025-01-24T19:41:54-08:00,0,35
global.js,92,js,44e22b4a,shrutiy14,2025-01-24,19:41:54,-08:00,2025-01-24T19:41:54-08:00,0,40
global.js,93,js,44e22b4a,shrutiy14,2025-01-24,19:41:54,-08:00,2025-01-24T19:41:54-08:00,0,7
global.js,94,js,44e22b4a,shrutiy14,2025-01-24,19:41:54,-08:00,2025-01-24T19:41:54-08:00,0,28
global.js,95,js,44e22b4a,shrutiy14,2025-01-24,19:41:54,-08:00,2025-01-24T19:41:54-08:00,0,0
global.js,96,js,31512439,shrutiy14,2025-01-29,22:36:13,-08:00,2025-01-29T22:36:13-08:00,0,0
global.js,97,js,31512439,shrutiy14,2025-01-29,22:36:13,-08:00,2025-01-29T22:36:13-08:00,0,37
global.js,98,js,31512439,shrutiy14,2025-01-29,22:36:13,-08:00,2025-01-29T22:36:13-08:00,0,4
global.js,99,js,7c4d4f45,shrutiy14,2025-01-31,11:01:24,-08:00,2025-01-31T11:01:24-08:00,0,33
global.js,100,js,33dc86b7,shrutiy14,2025-01-30,00:54:59,-08:00,2025-01-30T00:54:59-08:00,0,0
global.js,101,js,31512439,shrutiy14,2025-01-29,22:36:13,-08:00,2025-01-29T22:36:13-08:00,0,18
global.js,102,js,31512439,shrutiy14,2025-01-29,22:36:13,-08:00,2025-01-29T22:36:13-08:00,0,67
global.js,103,js,31512439,shrutiy14,2025-01-29,22:36:13,-08:00,2025-01-29T22:36:13-08:00,0,0
global.js,104,js,31512439,shrutiy14,2025-01-29,22:36:13,-08:00,2025-01-29T22:36:13-08:00,0,34
global.js,105,js,31512439,shrutiy14,2025-01-29,22:36:13,-08:00,2025-01-29T22:36:13-08:00,0,11
global.js,106,js,31512439,shrutiy14,2025-01-29,22:36:13,-08:00,2025-01-29T22:36:13-08:00,0,16
global.js,107,js,31512439,shrutiy14,2025-01-29,22:36:13,-08:00,2025-01-29T22:36:13-08:00,0,60
global.js,108,js,31512439,shrutiy14,2025-01-29,22:36:13,-08:00,2025-01-29T22:36:13-08:00,0,0
global.js,109,js,31512439,shrutiy14,2025-01-29,22:36:13,-08:00,2025-01-29T22:36:13-08:00,0,0
global.js,110,js,33dc86b7,shrutiy14,2025-01-30,00:54:59,-08:00,2025-01-30T00:54:59-08:00,0,0
global.js,111,js,50469c92,shrutiy14,2025-01-31,11:41:20,-08:00,2025-01-31T11:41:20-08:00,0,79
global.js,112,js,7c4d4f45,shrutiy14,2025-01-31,11:01:24,-08:00,2025-01-31T11:01:24-08:00,0,53
global.js,113,js,7c4d4f45,shrutiy14,2025-01-31,11:01:24,-08:00,2025-01-31T11:01:24-08:00,0,31
global.js,114,js,7c4d4f45,shrutiy14,2025-01-31,11:01:24,-08:00,2025-01-31T11:01:24-08:00,0,0
global.js,115,js,7c4d4f45,shrutiy14,2025-01-31,11:01:24,-08:00,2025-01-31T11:01:24-08:00,0,65
global.js,116,js,7c4d4f45,shrutiy14,2025-01-31,11:01:24,-08:00,2025-01-31T11:01:24-08:00,0,30
global.js,117,js,7c4d4f45,shrutiy14,2025-01-31,11:01:24,-08:00,2025-01-31T11:01:24-08:00,0,62
global.js,118,js,7c4d4f45,shrutiy14,2025-01-31,11:01:24,-08:00,2025-01-31T11:01:24-08:00,0,49
global.js,119,js,7c4d4f45,shrutiy14,2025-01-31,11:01:24,-08:00,2025-01-31T11:01:24-08:00,0,0
global.js,120,js,7f8993b6,shrutiy14,2025-02-07,14:48:02,-08:00,2025-02-07T14:48:02-08:00,0,40
global.js,121,js,7c4d4f45,shrutiy14,2025-01-31,11:01:24,-08:00,2025-01-31T11:01:24-08:00,0,52
global.js,122,js,7c4d4f45,shrutiy14,2025-01-31,11:01:24,-08:00,2025-01-31T11:01:24-08:00,0,35
global.js,123,js,7c4d4f45,shrutiy14,2025-01-31,11:01:24,-08:00,2025-01-31T11:01:24-08:00,0,0
global.js,124,js,7f8993b6,shrutiy14,2025-02-07,14:48:02,-08:00,2025-02-07T14:48:02-08:00,0,36
global.js,125,js,7f8993b6,shrutiy14,2025-02-07,14:48:02,-08:00,2025-02-07T14:48:02-08:00,0,47
global.js,126,js,7f8993b6,shrutiy14,2025-02-07,14:48:02,-08:00,2025-02-07T14:48:02-08:00,0,43
global.js,127,js,7f8993b6,shrutiy14,2025-02-07,14:48:02,-08:00,2025-02-07T14:48:02-08:00,0,34
global.js,128,js,7f8993b6,shrutiy14,2025-02-07,14:48:02,-08:00,2025-02-07T14:48:02-08:00,0,33
global.js,129,js,7f8993b6,shrutiy14,2025-02-07,14:48:02,-08:00,2025-02-07T14:48:02-08:00,0,29
global.js,130,js,7f8993b6,shrutiy14,2025-02-07,14:48:02,-08:00,2025-02-07T14:48:02-08:00,0,0
global.js,131,js,7f8993b6,shrutiy14,2025-02-07,14:48:02,-08:00,2025-02-07T14:48:02-08:00,0,41
global.js,132,js,7f8993b6,shrutiy14,2025-02-07,14:48:02,-08:00,2025-02-07T14:48:02-08:00,0,54
global.js,133,js,7f8993b6,shrutiy14,2025-02-07,14:48:02,-08:00,2025-02-07T14:48:02-08:00,0,37
global.js,134,js,7f8993b6,shrutiy14,2025-02-07,14:48:02,-08:00,2025-02-07T14:48:02-08:00,0,38
global.js,135,js,7f8993b6,shrutiy14,2025-02-07,14:48:02,-08:00,2025-02-07T14:48:02-08:00,0,0
global.js,136,js,7f8993b6,shrutiy14,2025-02-07,14:48:02,-08:00,2025-02-07T14:48:02-08:00,0,25
global.js,137,js,7f8993b6,shrutiy14,2025-02-07,14:48:02,-08:00,2025-02-07T14:48:02-08:00,0,41
global.js,138,js,7f8993b6,shrutiy14,2025-02-07,14:48:02,-08:00,2025-02-07T14:48:02-08:00,0,23
global.js,139,js,7f8993b6,shrutiy14,2025-02-07,14:48:02,-08:00,2025-02-07T14:48:02-08:00,0,23
global.js,140,js,7f8993b6,shrutiy14,2025-02-07,14:48:02,-08:00,2025-02-07T14:48:02-08:00,0,0
global.js,141,js,7f8993b6,shrutiy14,2025-02-07,14:48:02,-08:00,2025-02-07T14:48:02-08:00,0,40
global.js,142,js,7f8993b6,shrutiy14,2025-02-07,14:48:02,-08:00,2025-02-07T14:48:02-08:00,0,47
global.js,143,js,7f8993b6,shrutiy14,2025-02-07,14:48:02,-08:00,2025-02-07T14:48:02-08:00,0,45
global.js,144,js,7f8993b6,shrutiy14,2025-02-07,14:48:02,-08:00,2025-02-07T14:48:02-08:00,0,0
global.js,145,js,7f8993b6,shrutiy14,2025-02-07,14:48:02,-08:00,2025-02-07T14:48:02-08:00,0,36
global.js,146,js,7f8993b6,shrutiy14,2025-02-07,14:48:02,-08:00,2025-02-07T14:48:02-08:00,0,37
global.js,147,js,7f8993b6,shrutiy14,2025-02-07,14:48:02,-08:00,2025-02-07T14:48:02-08:00,0,24
global.js,148,js,7f8993b6,shrutiy14,2025-02-07,14:48:02,-08:00,2025-02-07T14:48:02-08:00,0,32
global.js,149,js,7c4d4f45,shrutiy14,2025-01-31,11:01:24,-08:00,2025-01-31T11:01:24-08:00,0,0
global.js,150,js,7c4d4f45,shrutiy14,2025-01-31,11:01:24,-08:00,2025-01-31T11:01:24-08:00,0,45
global.js,151,js,7c4d4f45,shrutiy14,2025-01-31,11:01:24,-08:00,2025-01-31T11:01:24-08:00,0,37
global.js,152,js,7c4d4f45,shrutiy14,2025-01-31,11:01:24,-08:00,2025-01-31T11:01:24-08:00,0,0
global.js,153,js,7c4d4f45,shrutiy14,2025-01-31,11:01:24,-08:00,2025-01-31T11:01:24-08:00,0,0
global.js,154,js,7c4d4f45,shrutiy14,2025-01-31,11:01:24,-08:00,2025-01-31T11:01:24-08:00,0,0
global.js,155,js,9b3b42f3,shrutiy14,2025-01-31,12:57:43,-08:00,2025-01-31T12:57:43-08:00,0,48
global.js,156,js,b589be41,shrutiy14,2025-01-31,19:13:26,-08:00,2025-01-31T19:13:26-08:00,0,60
global.js,157,js,9b3b42f3,shrutiy14,2025-01-31,12:57:43,-08:00,2025-01-31T12:57:43-08:00,0,0
global.js,158,js,9b3b42f3,shrutiy14,2025-01-31,12:57:43,-08:00,2025-01-31T12:57:43-08:00,0,0
global.js,159,js,7c4d4f45,shrutiy14,2025-01-31,11:01:24,-08:00,2025-01-31T11:01:24-08:00,0,0
global.js,160,js,7c4d4f45,shrutiy14,2025-01-31,11:01:24,-08:00,2025-01-31T11:01:24-08:00,0,0
global.js,161,js,09812d76,shrutiy14,2025-01-30,01:10:00,-08:00,2025-01-30T01:10:00-08:00,0,0
global.js,162,js,b589be41,shrutiy14,2025-01-31,19:13:26,-08:00,2025-01-31T19:13:26-08:00,0,0
global.js,163,js,b589be41,shrutiy14,2025-01-31,19:13:26,-08:00,2025-01-31T19:13:26-08:00,0,0
resume/index.html,1,html,f118338c,shrutiy14,2025-01-10,18:09:30,-08:00,2025-01-10T18:09:30-08:00,0,14
resume/index.html,2,html,f118338c,shrutiy14,2025-01-10,18:09:30,-08:00,2025-01-10T18:09:30-08:00,0,15
resume/index.html,3,html,f118338c,shrutiy14,2025-01-10,18:09:30,-08:00,2025-01-10T18:09:30-08:00,0,5
resume/index.html,4,html,f118338c,shrutiy14,2025-01-10,18:09:30,-08:00,2025-01-10T18:09:30-08:00,0,21
resume/index.html,5,html,f118338c,shrutiy14,2025-01-10,18:09:30,-08:00,2025-01-10T18:09:30-08:00,0,69
resume/index.html,6,html,f118338c,shrutiy14,2025-01-10,18:09:30,-08:00,2025-01-10T18:09:30-08:00,0,20
resume/index.html,7,html,1a6761ba,shrutiy14,2025-01-17,22:50:47,-08:00,2025-01-17T22:50:47-08:00,0,42
resume/index.html,8,html,f118338c,shrutiy14,2025-01-10,18:09:30,-08:00,2025-01-10T18:09:30-08:00,0,6
resume/index.html,9,html,f118338c,shrutiy14,2025-01-10,18:09:30,-08:00,2025-01-10T18:09:30-08:00,0,5
resume/index.html,10,html,f118338c,shrutiy14,2025-01-10,18:09:30,-08:00,2025-01-10T18:09:30-08:00,0,4
resume/index.html,11,html,44e22b4a,shrutiy14,2025-01-24,19:41:54,-08:00,2025-01-24T19:41:54-08:00,0,3
resume/index.html,12,html,f118338c,shrutiy14,2025-01-10,18:09:30,-08:00,2025-01-10T18:09:30-08:00,0,21
resume/index.html,13,html,f118338c,shrutiy14,2025-01-10,18:09:30,-08:00,2025-01-10T18:09:30-08:00,0,34
resume/index.html,14,html,f118338c,shrutiy14,2025-01-10,18:09:30,-08:00,2025-01-10T18:09:30-08:00,0,32
resume/index.html,15,html,19a2e026,shrutiy14,2025-01-23,21:11:37,-08:00,2025-01-23T21:11:37-08:00,0,22
resume/index.html,16,html,f118338c,shrutiy14,2025-01-10,18:09:30,-08:00,2025-01-10T18:09:30-08:00,0,64
resume/index.html,17,html,44e22b4a,shrutiy14,2025-01-24,19:41:54,-08:00,2025-01-24T19:41:54-08:00,0,2
resume/index.html,18,html,f118338c,shrutiy14,2025-01-10,18:09:30,-08:00,2025-01-10T18:09:30-08:00,0,5
resume/index.html,19,html,f118338c,shrutiy14,2025-01-10,18:09:30,-08:00,2025-01-10T18:09:30-08:00,0,14
resume/index.html,20,html,f118338c,shrutiy14,2025-01-10,18:09:30,-08:00,2025-01-10T18:09:30-08:00,0,8
resume/index.html,21,html,f118338c,shrutiy14,2025-01-10,18:09:30,-08:00,2025-01-10T18:09:30-08:00,0,7
resume/index.html,22,html,f118338c,shrutiy14,2025-01-10,18:09:30,-08:00,2025-01-10T18:09:30-08:00,0,27
resume/index.html,23,html,f118338c,shrutiy14,2025-01-10,18:09:30,-08:00,2025-01-10T18:09:30-08:00,0,8
resume/index.html,24,html,f118338c,shrutiy14,2025-01-10,18:09:30,-08:00,2025-01-10T18:09:30-08:00,0,25
resume/index.html,25,html,f118338c,shrutiy14,2025-01-10,18:09:30,-08:00,2025-01-10T18:09:30-08:00,0,31
resume/index.html,26,html,f118338c,shrutiy14,2025-01-10,18:09:30,-08:00,2025-01-10T18:09:30-08:00,0,9
resume/index.html,27,html,f118338c,shrutiy14,2025-01-10,18:09:30,-08:00,2025-01-10T18:09:30-08:00,0,0
resume/index.html,28,html,f118338c,shrutiy14,2025-01-10,18:09:30,-08:00,2025-01-10T18:09:30-08:00,0,8
resume/index.html,29,html,f118338c,shrutiy14,2025-01-10,18:09:30,-08:00,2025-01-10T18:09:30-08:00,0,7
resume/index.html,30,html,f118338c,shrutiy14,2025-01-10,18:09:30,-08:00,2025-01-10T18:09:30-08:00,0,17
resume/index.html,31,html,f118338c,shrutiy14,2025-01-10,18:09:30,-08:00,2025-01-10T18:09:30-08:00,0,8
resume/index.html,32,html,f118338c,shrutiy14,2025-01-10,18:09:30,-08:00,2025-01-10T18:09:30-08:00,0,8
resume/index.html,33,html,f118338c,shrutiy14,2025-01-10,18:09:30,-08:00,2025-01-10T18:09:30-08:00,0,43
resume/index.html,34,html,333ef241,shrutiy14,2025-01-18,12:03:43,-08:00,2025-01-18T12:03:43-08:00,0,41
resume/index.html,35,html,f118338c,shrutiy14,2025-01-10,18:09:30,-08:00,2025-01-10T18:09:30-08:00,0,23
resume/index.html,36,html,f118338c,shrutiy14,2025-01-10,18:09:30,-08:00,2025-01-10T18:09:30-08:00,0,9
resume/index.html,37,html,f118338c,shrutiy14,2025-01-10,18:09:30,-08:00,2025-01-10T18:09:30-08:00,0,9
resume/index.html,38,html,f118338c,shrutiy14,2025-01-10,18:09:30,-08:00,2025-01-10T18:09:30-08:00,0,0
resume/index.html,39,html,f118338c,shrutiy14,2025-01-10,18:09:30,-08:00,2025-01-10T18:09:30-08:00,0,8
resume/index.html,40,html,f118338c,shrutiy14,2025-01-10,18:09:30,-08:00,2025-01-10T18:09:30-08:00,0,7
resume/index.html,41,html,f118338c,shrutiy14,2025-01-10,18:09:30,-08:00,2025-01-10T18:09:30-08:00,0,18
resume/index.html,42,html,f118338c,shrutiy14,2025-01-10,18:09:30,-08:00,2025-01-10T18:09:30-08:00,0,8
resume/index.html,43,html,f118338c,shrutiy14,2025-01-10,18:09:30,-08:00,2025-01-10T18:09:30-08:00,0,8
resume/index.html,44,html,f118338c,shrutiy14,2025-01-10,18:09:30,-08:00,2025-01-10T18:09:30-08:00,0,26
resume/index.html,45,html,f118338c,shrutiy14,2025-01-10,18:09:30,-08:00,2025-01-10T18:09:30-08:00,0,20
resume/index.html,46,html,f118338c,shrutiy14,2025-01-10,18:09:30,-08:00,2025-01-10T18:09:30-08:00,0,179
resume/index.html,47,html,f118338c,shrutiy14,2025-01-10,18:09:30,-08:00,2025-01-10T18:09:30-08:00,0,23
resume/index.html,48,html,f118338c,shrutiy14,2025-01-10,18:09:30,-08:00,2025-01-10T18:09:30-08:00,0,9
resume/index.html,49,html,f118338c,shrutiy14,2025-01-10,18:09:30,-08:00,2025-01-10T18:09:30-08:00,0,8
resume/index.html,50,html,f118338c,shrutiy14,2025-01-10,18:09:30,-08:00,2025-01-10T18:09:30-08:00,0,27
resume/index.html,51,html,f118338c,shrutiy14,2025-01-10,18:09:30,-08:00,2025-01-10T18:09:30-08:00,0,16
resume/index.html,52,html,f118338c,shrutiy14,2025-01-10,18:09:30,-08:00,2025-01-10T18:09:30-08:00,0,215
resume/index.html,53,html,f118338c,shrutiy14,2025-01-10,18:09:30,-08:00,2025-01-10T18:09:30-08:00,0,23
resume/index.html,54,html,f118338c,shrutiy14,2025-01-10,18:09:30,-08:00,2025-01-10T18:09:30-08:00,0,9
resume/index.html,55,html,f118338c,shrutiy14,2025-01-10,18:09:30,-08:00,2025-01-10T18:09:30-08:00,0,9
resume/index.html,56,html,f118338c,shrutiy14,2025-01-10,18:09:30,-08:00,2025-01-10T18:09:30-08:00,0,0
resume/index.html,57,html,f118338c,shrutiy14,2025-01-10,18:09:30,-08:00,2025-01-10T18:09:30-08:00,0,8
resume/index.html,58,html,f118338c,shrutiy14,2025-01-10,18:09:30,-08:00,2025-01-10T18:09:30-08:00,0,7
resume/index.html,59,html,f118338c,shrutiy14,2025-01-10,18:09:30,-08:00,2025-01-10T18:09:30-08:00,0,14
resume/index.html,60,html,f118338c,shrutiy14,2025-01-10,18:09:30,-08:00,2025-01-10T18:09:30-08:00,0,8
resume/index.html,61,html,f118338c,shrutiy14,2025-01-10,18:09:30,-08:00,2025-01-10T18:09:30-08:00,0,3
resume/index.html,62,html,f118338c,shrutiy14,2025-01-10,18:09:30,-08:00,2025-01-10T18:09:30-08:00,0,174
resume/index.html,63,html,f118338c,shrutiy14,2025-01-10,18:09:30,-08:00,2025-01-10T18:09:30-08:00,0,111
resume/index.html,64,html,f118338c,shrutiy14,2025-01-10,18:09:30,-08:00,2025-01-10T18:09:30-08:00,0,4
resume/index.html,65,html,f118338c,shrutiy14,2025-01-10,18:09:30,-08:00,2025-01-10T18:09:30-08:00,0,9
resume/index.html,66,html,f118338c,shrutiy14,2025-01-10,18:09:30,-08:00,2025-01-10T18:09:30-08:00,0,0
resume/index.html,67,html,f118338c,shrutiy14,2025-01-10,18:09:30,-08:00,2025-01-10T18:09:30-08:00,0,8
resume/index.html,68,html,f118338c,shrutiy14,2025-01-10,18:09:30,-08:00,2025-01-10T18:09:30-08:00,0,7
resume/index.html,69,html,f118338c,shrutiy14,2025-01-10,18:09:30,-08:00,2025-01-10T18:09:30-08:00,0,16
resume/index.html,70,html,f118338c,shrutiy14,2025-01-10,18:09:30,-08:00,2025-01-10T18:09:30-08:00,0,8
resume/index.html,71,html,f118338c,shrutiy14,2025-01-10,18:09:30,-08:00,2025-01-10T18:09:30-08:00,0,8
resume/index.html,72,html,f118338c,shrutiy14,2025-01-10,18:09:30,-08:00,2025-01-10T18:09:30-08:00,0,95
resume/index.html,73,html,f118338c,shrutiy14,2025-01-10,18:09:30,-08:00,2025-01-10T18:09:30-08:00,0,215
resume/index.html,74,html,f118338c,shrutiy14,2025-01-10,18:09:30,-08:00,2025-01-10T18:09:30-08:00,0,16
resume/index.html,75,html,f118338c,shrutiy14,2025-01-10,18:09:30,-08:00,2025-01-10T18:09:30-08:00,0,9
resume/index.html,76,html,f118338c,shrutiy14,2025-01-10,18:09:30,-08:00,2025-01-10T18:09:30-08:00,0,8
resume/index.html,77,html,f118338c,shrutiy14,2025-01-10,18:09:30,-08:00,2025-01-10T18:09:30-08:00,0,80
resume/index.html,78,html,f118338c,shrutiy14,2025-01-10,18:09:30,-08:00,2025-01-10T18:09:30-08:00,0,213
resume/index.html,79,html,f118338c,shrutiy14,2025-01-10,18:09:30,-08:00,2025-01-10T18:09:30-08:00,0,16
resume/index.html,80,html,f118338c,shrutiy14,2025-01-10,18:09:30,-08:00,2025-01-10T18:09:30-08:00,0,9
resume/index.html,81,html,ebf48876,shrutiy14,2025-01-23,20:10:13,-08:00,2025-01-23T20:10:13-08:00,0,9
resume/index.html,82,html,ebf48876,shrutiy14,2025-01-23,20:10:13,-08:00,2025-01-23T20:10:13-08:00,0,49
resume/index.html,83,html,f118338c,shrutiy14,2025-01-10,18:09:30,-08:00,2025-01-10T18:09:30-08:00,0,6
resume/index.html,84,html,f118338c,shrutiy14,2025-01-10,18:09:30,-08:00,2025-01-10T18:09:30-08:00,0,6
projects/projects.js,1,js,7f8993b6,shrutiy14,2025-02-07,14:48:02,-08:00,2025-02-07T14:48:02-08:00,0,64
projects/projects.js,2,js,3be733f7,shrutiy14,2025-02-07,15:35:39,-08:00,2025-02-07T15:35:39-08:00,0,65
projects/projects.js,3,js,7c4d4f45,shrutiy14,2025-01-31,11:01:24,-08:00,2025-01-31T11:01:24-08:00,0,56
projects/projects.js,4,js,7c4d4f45,shrutiy14,2025-01-31,11:01:24,-08:00,2025-01-31T11:01:24-08:00,0,56
projects/projects.js,5,js,7c4d4f45,shrutiy14,2025-01-31,11:01:24,-08:00,2025-01-31T11:01:24-08:00,0,61
projects/projects.js,6,js,7c4d4f45,shrutiy14,2025-01-31,11:01:24,-08:00,2025-01-31T11:01:24-08:00,0,49
projects/projects.js,7,js,8a709b69,shrutiy14,2025-01-31,12:03:31,-08:00,2025-01-31T12:03:31-08:00,0,63
projects/projects.js,8,js,8a709b69,shrutiy14,2025-01-31,12:03:31,-08:00,2025-01-31T12:03:31-08:00,0,64
projects/projects.js,9,js,7c4d4f45,shrutiy14,2025-01-31,11:01:24,-08:00,2025-01-31T11:01:24-08:00,0,0
projects/projects.js,10,js,2aa0b3b2,shrutiy14,2025-02-07,22:56:45,-08:00,2025-02-07T22:56:45-08:00,0,34
projects/projects.js,11,js,2aa0b3b2,shrutiy14,2025-02-07,22:56:45,-08:00,2025-02-07T22:56:45-08:00,0,59
projects/projects.js,12,js,2aa0b3b2,shrutiy14,2025-02-07,22:56:45,-08:00,2025-02-07T22:56:45-08:00,0,54
projects/projects.js,13,js,2aa0b3b2,shrutiy14,2025-02-07,22:56:45,-08:00,2025-02-07T22:56:45-08:00,0,29
projects/projects.js,14,js,2aa0b3b2,shrutiy14,2025-02-07,22:56:45,-08:00,2025-02-07T22:56:45-08:00,0,33
projects/projects.js,15,js,2aa0b3b2,shrutiy14,2025-02-07,22:56:45,-08:00,2025-02-07T22:56:45-08:00,0,33
projects/projects.js,16,js,2aa0b3b2,shrutiy14,2025-02-07,22:56:45,-08:00,2025-02-07T22:56:45-08:00,0,31
projects/projects.js,17,js,2aa0b3b2,shrutiy14,2025-02-07,22:56:45,-08:00,2025-02-07T22:56:45-08:00,0,0
projects/projects.js,18,js,2aa0b3b2,shrutiy14,2025-02-07,22:56:45,-08:00,2025-02-07T22:56:45-08:00,0,52
projects/projects.js,19,js,2aa0b3b2,shrutiy14,2025-02-07,22:56:45,-08:00,2025-02-07T22:56:45-08:00,0,30
projects/projects.js,20,js,2aa0b3b2,shrutiy14,2025-02-07,22:56:45,-08:00,2025-02-07T22:56:45-08:00,0,13
projects/projects.js,21,js,2aa0b3b2,shrutiy14,2025-02-07,22:56:45,-08:00,2025-02-07T22:56:45-08:00,0,15
projects/projects.js,22,js,2aa0b3b2,shrutiy14,2025-02-07,22:56:45,-08:00,2025-02-07T22:56:45-08:00,0,12
projects/projects.js,23,js,2aa0b3b2,shrutiy14,2025-02-07,22:56:45,-08:00,2025-02-07T22:56:45-08:00,0,1
projects/projects.js,24,js,2aa0b3b2,shrutiy14,2025-02-07,22:56:45,-08:00,2025-02-07T22:56:45-08:00,0,0
projects/projects.js,25,js,2aa0b3b2,shrutiy14,2025-02-07,22:56:45,-08:00,2025-02-07T22:56:45-08:00,0,51
projects/projects.js,26,js,2aa0b3b2,shrutiy14,2025-02-07,22:56:45,-08:00,2025-02-07T22:56:45-08:00,0,36
projects/projects.js,27,js,2aa0b3b2,shrutiy14,2025-02-07,22:56:45,-08:00,2025-02-07T22:56:45-08:00,0,2
projects/projects.js,28,js,2aa0b3b2,shrutiy14,2025-02-07,22:56:45,-08:00,2025-02-07T22:56:45-08:00,0,0
projects/projects.js,29,js,2aa0b3b2,shrutiy14,2025-02-07,22:56:45,-08:00,2025-02-07T22:56:45-08:00,0,51
projects/projects.js,30,js,2aa0b3b2,shrutiy14,2025-02-07,22:56:45,-08:00,2025-02-07T22:56:45-08:00,0,54
projects/projects.js,31,js,2aa0b3b2,shrutiy14,2025-02-07,22:56:45,-08:00,2025-02-07T22:56:45-08:00,0,43
projects/projects.js,32,js,2aa0b3b2,shrutiy14,2025-02-07,22:56:45,-08:00,2025-02-07T22:56:45-08:00,0,58
projects/projects.js,33,js,2aa0b3b2,shrutiy14,2025-02-07,22:56:45,-08:00,2025-02-07T22:56:45-08:00,0,49
projects/projects.js,34,js,2aa0b3b2,shrutiy14,2025-02-07,22:56:45,-08:00,2025-02-07T22:56:45-08:00,0,48
projects/projects.js,35,js,2aa0b3b2,shrutiy14,2025-02-07,22:56:45,-08:00,2025-02-07T22:56:45-08:00,0,0
projects/projects.js,36,js,2aa0b3b2,shrutiy14,2025-02-07,22:56:45,-08:00,2025-02-07T22:56:45-08:00,0,56
projects/projects.js,37,js,2aa0b3b2,shrutiy14,2025-02-07,22:56:45,-08:00,2025-02-07T22:56:45-08:00,0,81
projects/projects.js,38,js,2aa0b3b2,shrutiy14,2025-02-07,22:56:45,-08:00,2025-02-07T22:56:45-08:00,0,27
projects/projects.js,39,js,2aa0b3b2,shrutiy14,2025-02-07,22:56:45,-08:00,2025-02-07T22:56:45-08:00,0,31
projects/projects.js,40,js,2aa0b3b2,shrutiy14,2025-02-07,22:56:45,-08:00,2025-02-07T22:56:45-08:00,0,14
projects/projects.js,41,js,2aa0b3b2,shrutiy14,2025-02-07,22:56:45,-08:00,2025-02-07T22:56:45-08:00,0,25
projects/projects.js,42,js,2aa0b3b2,shrutiy14,2025-02-07,22:56:45,-08:00,2025-02-07T22:56:45-08:00,0,19
projects/projects.js,43,js,2aa0b3b2,shrutiy14,2025-02-07,22:56:45,-08:00,2025-02-07T22:56:45-08:00,0,64
projects/projects.js,44,js,2aa0b3b2,shrutiy14,2025-02-07,22:56:45,-08:00,2025-02-07T22:56:45-08:00,0,48
projects/projects.js,45,js,2aa0b3b2,shrutiy14,2025-02-07,22:56:45,-08:00,2025-02-07T22:56:45-08:00,0,0
projects/projects.js,46,js,2aa0b3b2,shrutiy14,2025-02-07,22:56:45,-08:00,2025-02-07T22:56:45-08:00,0,72
projects/projects.js,47,js,2aa0b3b2,shrutiy14,2025-02-07,22:56:45,-08:00,2025-02-07T22:56:45-08:00,0,23
projects/projects.js,48,js,2aa0b3b2,shrutiy14,2025-02-07,22:56:45,-08:00,2025-02-07T22:56:45-08:00,0,65
projects/projects.js,49,js,2aa0b3b2,shrutiy14,2025-02-07,22:56:45,-08:00,2025-02-07T22:56:45-08:00,0,0
projects/projects.js,50,js,2aa0b3b2,shrutiy14,2025-02-07,22:56:45,-08:00,2025-02-07T22:56:45-08:00,0,44
projects/projects.js,51,js,2aa0b3b2,shrutiy14,2025-02-07,22:56:45,-08:00,2025-02-07T22:56:45-08:00,0,21
projects/projects.js,52,js,2aa0b3b2,shrutiy14,2025-02-07,22:56:45,-08:00,2025-02-07T22:56:45-08:00,0,88
projects/projects.js,53,js,2aa0b3b2,shrutiy14,2025-02-07,22:56:45,-08:00,2025-02-07T22:56:45-08:00,0,0
projects/projects.js,54,js,2aa0b3b2,shrutiy14,2025-02-07,22:56:45,-08:00,2025-02-07T22:56:45-08:00,0,41
projects/projects.js,55,js,2aa0b3b2,shrutiy14,2025-02-07,22:56:45,-08:00,2025-02-07T22:56:45-08:00,0,26
projects/projects.js,56,js,2aa0b3b2,shrutiy14,2025-02-07,22:56:45,-08:00,2025-02-07T22:56:45-08:00,0,44
projects/projects.js,57,js,2aa0b3b2,shrutiy14,2025-02-07,22:56:45,-08:00,2025-02-07T22:56:45-08:00,0,49
projects/projects.js,58,js,2aa0b3b2,shrutiy14,2025-02-07,22:56:45,-08:00,2025-02-07T22:56:45-08:00,0,82
projects/projects.js,59,js,2aa0b3b2,shrutiy14,2025-02-07,22:56:45,-08:00,2025-02-07T22:56:45-08:00,0,57
projects/projects.js,60,js,2aa0b3b2,shrutiy14,2025-02-07,22:56:45,-08:00,2025-02-07T22:56:45-08:00,0,7
projects/projects.js,61,js,2aa0b3b2,shrutiy14,2025-02-07,22:56:45,-08:00,2025-02-07T22:56:45-08:00,0,44
projects/projects.js,62,js,2aa0b3b2,shrutiy14,2025-02-07,22:56:45,-08:00,2025-02-07T22:56:45-08:00,0,49
projects/projects.js,63,js,2aa0b3b2,shrutiy14,2025-02-07,22:56:45,-08:00,2025-02-07T22:56:45-08:00,0,0
projects/projects.js,64,js,2aa0b3b2,shrutiy14,2025-02-07,22:56:45,-08:00,2025-02-07T22:56:45-08:00,0,2
projects/projects.js,65,js,2aa0b3b2,shrutiy14,2025-02-07,22:56:45,-08:00,2025-02-07T22:56:45-08:00,0,2
projects/projects.js,66,js,2aa0b3b2,shrutiy14,2025-02-07,22:56:45,-08:00,2025-02-07T22:56:45-08:00,0,0
projects/projects.js,67,js,2aa0b3b2,shrutiy14,2025-02-07,22:56:45,-08:00,2025-02-07T22:56:45-08:00,0,15
projects/projects.js,68,js,2aa0b3b2,shrutiy14,2025-02-07,22:56:45,-08:00,2025-02-07T22:56:45-08:00,0,28
projects/projects.js,69,js,2aa0b3b2,shrutiy14,2025-02-07,22:56:45,-08:00,2025-02-07T22:56:45-08:00,0,18
projects/projects.js,70,js,2aa0b3b2,shrutiy14,2025-02-07,22:56:45,-08:00,2025-02-07T22:56:45-08:00,0,78
projects/projects.js,71,js,2aa0b3b2,shrutiy14,2025-02-07,22:56:45,-08:00,2025-02-07T22:56:45-08:00,0,28
projects/projects.js,72,js,2aa0b3b2,shrutiy14,2025-02-07,22:56:45,-08:00,2025-02-07T22:56:45-08:00,0,69
projects/projects.js,73,js,2aa0b3b2,shrutiy14,2025-02-07,22:56:45,-08:00,2025-02-07T22:56:45-08:00,0,19
projects/projects.js,74,js,2aa0b3b2,shrutiy14,2025-02-07,22:56:45,-08:00,2025-02-07T22:56:45-08:00,0,48
projects/projects.js,75,js,2aa0b3b2,shrutiy14,2025-02-07,22:56:45,-08:00,2025-02-07T22:56:45-08:00,0,48
projects/projects.js,76,js,2aa0b3b2,shrutiy14,2025-02-07,22:56:45,-08:00,2025-02-07T22:56:45-08:00,0,0
projects/projects.js,77,js,2aa0b3b2,shrutiy14,2025-02-07,22:56:45,-08:00,2025-02-07T22:56:45-08:00,0,28
projects/projects.js,78,js,2aa0b3b2,shrutiy14,2025-02-07,22:56:45,-08:00,2025-02-07T22:56:45-08:00,0,23
projects/projects.js,79,js,2aa0b3b2,shrutiy14,2025-02-07,22:56:45,-08:00,2025-02-07T22:56:45-08:00,0,65
projects/projects.js,80,js,2aa0b3b2,shrutiy14,2025-02-07,22:56:45,-08:00,2025-02-07T22:56:45-08:00,0,0
projects/projects.js,81,js,2aa0b3b2,shrutiy14,2025-02-07,22:56:45,-08:00,2025-02-07T22:56:45-08:00,0,44
projects/projects.js,82,js,2aa0b3b2,shrutiy14,2025-02-07,22:56:45,-08:00,2025-02-07T22:56:45-08:00,0,21
projects/projects.js,83,js,2aa0b3b2,shrutiy14,2025-02-07,22:56:45,-08:00,2025-02-07T22:56:45-08:00,0,88
projects/projects.js,84,js,2aa0b3b2,shrutiy14,2025-02-07,22:56:45,-08:00,2025-02-07T22:56:45-08:00,0,0
projects/projects.js,85,js,2aa0b3b2,shrutiy14,2025-02-07,22:56:45,-08:00,2025-02-07T22:56:45-08:00,0,47
projects/projects.js,86,js,2aa0b3b2,shrutiy14,2025-02-07,22:56:45,-08:00,2025-02-07T22:56:45-08:00,0,26
projects/projects.js,87,js,2aa0b3b2,shrutiy14,2025-02-07,22:56:45,-08:00,2025-02-07T22:56:45-08:00,0,44
projects/projects.js,88,js,2aa0b3b2,shrutiy14,2025-02-07,22:56:45,-08:00,2025-02-07T22:56:45-08:00,0,49
projects/projects.js,89,js,2aa0b3b2,shrutiy14,2025-02-07,22:56:45,-08:00,2025-02-07T22:56:45-08:00,0,82
projects/projects.js,90,js,2aa0b3b2,shrutiy14,2025-02-07,22:56:45,-08:00,2025-02-07T22:56:45-08:00,0,57
projects/projects.js,91,js,2aa0b3b2,shrutiy14,2025-02-07,22:56:45,-08:00,2025-02-07T22:56:45-08:00,0,7
projects/projects.js,92,js,2aa0b3b2,shrutiy14,2025-02-07,22:56:45,-08:00,2025-02-07T22:56:45-08:00,0,50
projects/projects.js,93,js,2aa0b3b2,shrutiy14,2025-02-07,22:56:45,-08:00,2025-02-07T22:56:45-08:00,0,49
projects/projects.js,94,js,2aa0b3b2,shrutiy14,2025-02-07,22:56:45,-08:00,2025-02-07T22:56:45-08:00,0,0
projects/projects.js,95,js,2aa0b3b2,shrutiy14,2025-02-07,22:56:45,-08:00,2025-02-07T22:56:45-08:00,0,2
projects/projects.js,96,js,2aa0b3b2,shrutiy14,2025-02-07,22:56:45,-08:00,2025-02-07T22:56:45-08:00,0,2
projects/projects.js,97,js,2aa0b3b2,shrutiy14,2025-02-07,22:56:45,-08:00,2025-02-07T22:56:45-08:00,0,0
projects/projects.js,98,js,2aa0b3b2,shrutiy14,2025-02-07,22:56:45,-08:00,2025-02-07T22:56:45-08:00,0,0
projects/projects.js,99,js,2aa0b3b2,shrutiy14,2025-02-07,22:56:45,-08:00,2025-02-07T22:56:45-08:00,0,74
projects/projects.js,100,js,2aa0b3b2,shrutiy14,2025-02-07,22:56:45,-08:00,2025-02-07T22:56:45-08:00,0,24
projects/projects.js,101,js,2aa0b3b2,shrutiy14,2025-02-07,22:56:45,-08:00,2025-02-07T22:56:45-08:00,0,0
projects/projects.js,102,js,2aa0b3b2,shrutiy14,2025-02-07,22:56:45,-08:00,2025-02-07T22:56:45-08:00,0,53
projects/projects.js,103,js,2aa0b3b2,shrutiy14,2025-02-07,22:56:45,-08:00,2025-02-07T22:56:45-08:00,0,14
projects/projects.js,104,js,2aa0b3b2,shrutiy14,2025-02-07,22:56:45,-08:00,2025-02-07T22:56:45-08:00,0,54
projects/projects.js,105,js,2aa0b3b2,shrutiy14,2025-02-07,22:56:45,-08:00,2025-02-07T22:56:45-08:00,0,0
projects/projects.js,106,js,2aa0b3b2,shrutiy14,2025-02-07,22:56:45,-08:00,2025-02-07T22:56:45-08:00,0,50
projects/projects.js,107,js,2aa0b3b2,shrutiy14,2025-02-07,22:56:45,-08:00,2025-02-07T22:56:45-08:00,0,40
projects/projects.js,108,js,2aa0b3b2,shrutiy14,2025-02-07,22:56:45,-08:00,2025-02-07T22:56:45-08:00,0,0
projects/projects.js,109,js,2aa0b3b2,shrutiy14,2025-02-07,22:56:45,-08:00,2025-02-07T22:56:45-08:00,0,43
projects/projects.js,110,js,2aa0b3b2,shrutiy14,2025-02-07,22:56:45,-08:00,2025-02-07T22:56:45-08:00,0,52
projects/projects.js,111,js,2aa0b3b2,shrutiy14,2025-02-07,22:56:45,-08:00,2025-02-07T22:56:45-08:00,0,60
projects/projects.js,112,js,2aa0b3b2,shrutiy14,2025-02-07,22:56:45,-08:00,2025-02-07T22:56:45-08:00,0,29
projects/projects.js,113,js,2aa0b3b2,shrutiy14,2025-02-07,22:56:45,-08:00,2025-02-07T22:56:45-08:00,0,2
projects/projects.js,114,js,2aa0b3b2,shrutiy14,2025-02-07,22:56:45,-08:00,2025-02-07T22:56:45-08:00,0,0
projects/projects.js,115,js,2aa0b3b2,shrutiy14,2025-02-07,22:56:45,-08:00,2025-02-07T22:56:45-08:00,0,26
projects/projects.js,116,js,2aa0b3b2,shrutiy14,2025-02-07,22:56:45,-08:00,2025-02-07T22:56:45-08:00,0,57
projects/projects.js,117,js,2aa0b3b2,shrutiy14,2025-02-07,22:56:45,-08:00,2025-02-07T22:56:45-08:00,0,0
projects/projects.js,118,js,2aa0b3b2,shrutiy14,2025-02-07,22:56:45,-08:00,2025-02-07T22:56:45-08:00,0,44
projects/projects.js,119,js,2aa0b3b2,shrutiy14,2025-02-07,22:56:45,-08:00,2025-02-07T22:56:45-08:00,0,32
projects/projects.js,120,js,2aa0b3b2,shrutiy14,2025-02-07,22:56:45,-08:00,2025-02-07T22:56:45-08:00,0,2
projects/index.html,1,html,c5aeddca,shrutiy14,2025-01-10,13:03:03,-08:00,2025-01-10T13:03:03-08:00,0,14
projects/index.html,2,html,c5aeddca,shrutiy14,2025-01-10,13:03:03,-08:00,2025-01-10T13:03:03-08:00,0,15
projects/index.html,3,html,c5aeddca,shrutiy14,2025-01-10,13:03:03,-08:00,2025-01-10T13:03:03-08:00,0,5
projects/index.html,4,html,c5aeddca,shrutiy14,2025-01-10,13:03:03,-08:00,2025-01-10T13:03:03-08:00,0,21
projects/index.html,5,html,c5aeddca,shrutiy14,2025-01-10,13:03:03,-08:00,2025-01-10T13:03:03-08:00,0,69
projects/index.html,6,html,8d52de1a,shrutiy14,2025-01-10,17:44:55,-08:00,2025-01-10T17:44:55-08:00,0,22
projects/index.html,7,html,1a6761ba,shrutiy14,2025-01-17,22:50:47,-08:00,2025-01-17T22:50:47-08:00,0,42
projects/index.html,8,html,7f8993b6,shrutiy14,2025-02-07,14:48:02,-08:00,2025-02-07T14:48:02-08:00,0,0
projects/index.html,9,html,c5aeddca,shrutiy14,2025-01-10,13:03:03,-08:00,2025-01-10T13:03:03-08:00,0,6
projects/index.html,10,html,c5aeddca,shrutiy14,2025-01-10,13:03:03,-08:00,2025-01-10T13:03:03-08:00,0,5
projects/index.html,11,html,8d52de1a,shrutiy14,2025-01-10,17:44:55,-08:00,2025-01-10T17:44:55-08:00,0,4
projects/index.html,12,html,44e22b4a,shrutiy14,2025-01-24,19:41:54,-08:00,2025-01-24T19:41:54-08:00,0,3
projects/index.html,13,html,8d52de1a,shrutiy14,2025-01-10,17:44:55,-08:00,2025-01-10T17:44:55-08:00,0,21
projects/index.html,14,html,19a2e026,shrutiy14,2025-01-23,21:11:37,-08:00,2025-01-23T21:11:37-08:00,0,24
projects/index.html,15,html,8d52de1a,shrutiy14,2025-01-10,17:44:55,-08:00,2025-01-10T17:44:55-08:00,0,32
projects/index.html,16,html,f118338c,shrutiy14,2025-01-10,18:09:30,-08:00,2025-01-10T18:09:30-08:00,0,30
projects/index.html,17,html,8d52de1a,shrutiy14,2025-01-10,17:44:55,-08:00,2025-01-10T17:44:55-08:00,0,64
projects/index.html,18,html,44e22b4a,shrutiy14,2025-01-24,19:41:54,-08:00,2025-01-24T19:41:54-08:00,0,2
projects/index.html,19,html,8d52de1a,shrutiy14,2025-01-10,17:44:55,-08:00,2025-01-10T17:44:55-08:00,0,5
projects/index.html,20,html,8a709b69,shrutiy14,2025-01-31,12:03:31,-08:00,2025-01-31T12:03:31-08:00,0,24
projects/index.html,21,html,deddf6e1,shrutiy14,2025-01-31,12:06:24,-08:00,2025-01-31T12:06:24-08:00,0,42
projects/index.html,22,html,2aa0b3b2,shrutiy14,2025-02-07,22:56:45,-08:00,2025-02-07T22:56:45-08:00,0,87
projects/index.html,23,html,2aa0b3b2,shrutiy14,2025-02-07,22:56:45,-08:00,2025-02-07T22:56:45-08:00,0,29
projects/index.html,24,html,2aa0b3b2,shrutiy14,2025-02-07,22:56:45,-08:00,2025-02-07T22:56:45-08:00,0,22
projects/index.html,25,html,2aa0b3b2,shrutiy14,2025-02-07,22:56:45,-08:00,2025-02-07T22:56:45-08:00,0,30
projects/index.html,26,html,2aa0b3b2,shrutiy14,2025-02-07,22:56:45,-08:00,2025-02-07T22:56:45-08:00,0,11
projects/index.html,27,html,2aa0b3b2,shrutiy14,2025-02-07,22:56:45,-08:00,2025-02-07T22:56:45-08:00,0,5
projects/index.html,28,html,2aa0b3b2,shrutiy14,2025-02-07,22:56:45,-08:00,2025-02-07T22:56:45-08:00,0,18
projects/index.html,29,html,2aa0b3b2,shrutiy14,2025-02-07,22:56:45,-08:00,2025-02-07T22:56:45-08:00,0,11
projects/index.html,30,html,2aa0b3b2,shrutiy14,2025-02-07,22:56:45,-08:00,2025-02-07T22:56:45-08:00,0,4
projects/index.html,31,html,2aa0b3b2,shrutiy14,2025-02-07,22:56:45,-08:00,2025-02-07T22:56:45-08:00,0,5
projects/index.html,32,html,2aa0b3b2,shrutiy14,2025-02-07,22:56:45,-08:00,2025-02-07T22:56:45-08:00,0,31
projects/index.html,33,html,2aa0b3b2,shrutiy14,2025-02-07,22:56:45,-08:00,2025-02-07T22:56:45-08:00,0,5
projects/index.html,34,html,2aa0b3b2,shrutiy14,2025-02-07,22:56:45,-08:00,2025-02-07T22:56:45-08:00,0,16
projects/index.html,35,html,2aa0b3b2,shrutiy14,2025-02-07,22:56:45,-08:00,2025-02-07T22:56:45-08:00,0,12
projects/index.html,36,html,2aa0b3b2,shrutiy14,2025-02-07,22:56:45,-08:00,2025-02-07T22:56:45-08:00,0,27
projects/index.html,37,html,2aa0b3b2,shrutiy14,2025-02-07,22:56:45,-08:00,2025-02-07T22:56:45-08:00,0,32
projects/index.html,38,html,2aa0b3b2,shrutiy14,2025-02-07,22:56:45,-08:00,2025-02-07T22:56:45-08:00,0,1
projects/index.html,39,html,d5e48184,shrutiy14,2025-01-18,11:08:57,-08:00,2025-01-18T11:08:57-08:00,0,21
projects/index.html,40,html,b15e4fc0,shrutiy14,2025-01-31,11:17:44,-08:00,2025-01-31T11:17:44-08:00,0,13
projects/index.html,41,html,d5e48184,shrutiy14,2025-01-18,11:08:57,-08:00,2025-01-18T11:08:57-08:00,0,30
projects/index.html,42,html,d5e48184,shrutiy14,2025-01-18,11:08:57,-08:00,2025-01-18T11:08:57-08:00,0,71
projects/index.html,43,html,b15e4fc0,shrutiy14,2025-01-31,11:17:44,-08:00,2025-01-31T11:17:44-08:00,0,216
projects/index.html,44,html,d5e48184,shrutiy14,2025-01-18,11:08:57,-08:00,2025-01-18T11:08:57-08:00,0,9
projects/index.html,45,html,d5e48184,shrutiy14,2025-01-18,11:08:57,-08:00,2025-01-18T11:08:57-08:00,0,8
projects/index.html,46,html,b15e4fc0,shrutiy14,2025-01-31,11:17:44,-08:00,2025-01-31T11:17:44-08:00,0,41
projects/index.html,47,html,d5e48184,shrutiy14,2025-01-18,11:08:57,-08:00,2025-01-18T11:08:57-08:00,0,71
projects/index.html,48,html,b15e4fc0,shrutiy14,2025-01-31,11:17:44,-08:00,2025-01-31T11:17:44-08:00,0,207
projects/index.html,49,html,d5e48184,shrutiy14,2025-01-18,11:08:57,-08:00,2025-01-18T11:08:57-08:00,0,9
projects/index.html,50,html,d5e48184,shrutiy14,2025-01-18,11:08:57,-08:00,2025-01-18T11:08:57-08:00,0,8
projects/index.html,51,html,b15e4fc0,shrutiy14,2025-01-31,11:17:44,-08:00,2025-01-31T11:17:44-08:00,0,45
projects/index.html,52,html,d5e48184,shrutiy14,2025-01-18,11:08:57,-08:00,2025-01-18T11:08:57-08:00,0,71
projects/index.html,53,html,b15e4fc0,shrutiy14,2025-01-31,11:17:44,-08:00,2025-01-31T11:17:44-08:00,0,246
projects/index.html,54,html,d5e48184,shrutiy14,2025-01-18,11:08:57,-08:00,2025-01-18T11:08:57-08:00,0,9
projects/index.html,55,html,d5e48184,shrutiy14,2025-01-18,11:08:57,-08:00,2025-01-18T11:08:57-08:00,0,8
projects/index.html,56,html,b15e4fc0,shrutiy14,2025-01-31,11:17:44,-08:00,2025-01-31T11:17:44-08:00,0,44
projects/index.html,57,html,d5e48184,shrutiy14,2025-01-18,11:08:57,-08:00,2025-01-18T11:08:57-08:00,0,71
projects/index.html,58,html,b15e4fc0,shrutiy14,2025-01-31,11:17:44,-08:00,2025-01-31T11:17:44-08:00,0,237
projects/index.html,59,html,d5e48184,shrutiy14,2025-01-18,11:08:57,-08:00,2025-01-18T11:08:57-08:00,0,9
projects/index.html,60,html,d5e48184,shrutiy14,2025-01-18,11:08:57,-08:00,2025-01-18T11:08:57-08:00,0,8
projects/index.html,61,html,b15e4fc0,shrutiy14,2025-01-31,11:17:44,-08:00,2025-01-31T11:17:44-08:00,0,38
projects/index.html,62,html,d5e48184,shrutiy14,2025-01-18,11:08:57,-08:00,2025-01-18T11:08:57-08:00,0,71
projects/index.html,63,html,b15e4fc0,shrutiy14,2025-01-31,11:17:44,-08:00,2025-01-31T11:17:44-08:00,0,233
projects/index.html,64,html,d5e48184,shrutiy14,2025-01-18,11:08:57,-08:00,2025-01-18T11:08:57-08:00,0,9
projects/index.html,65,html,d5e48184,shrutiy14,2025-01-18,11:08:57,-08:00,2025-01-18T11:08:57-08:00,0,8
projects/index.html,66,html,b15e4fc0,shrutiy14,2025-01-31,11:17:44,-08:00,2025-01-31T11:17:44-08:00,0,29
projects/index.html,67,html,d5e48184,shrutiy14,2025-01-18,11:08:57,-08:00,2025-01-18T11:08:57-08:00,0,71
projects/index.html,68,html,b15e4fc0,shrutiy14,2025-01-31,11:17:44,-08:00,2025-01-31T11:17:44-08:00,0,249
projects/index.html,69,html,d5e48184,shrutiy14,2025-01-18,11:08:57,-08:00,2025-01-18T11:08:57-08:00,0,9
projects/index.html,70,html,d5e48184,shrutiy14,2025-01-18,11:08:57,-08:00,2025-01-18T11:08:57-08:00,0,8
projects/index.html,71,html,b15e4fc0,shrutiy14,2025-01-31,11:17:44,-08:00,2025-01-31T11:17:44-08:00,0,48
projects/index.html,72,html,d5e48184,shrutiy14,2025-01-18,11:08:57,-08:00,2025-01-18T11:08:57-08:00,0,71
projects/index.html,73,html,b15e4fc0,shrutiy14,2025-01-31,11:17:44,-08:00,2025-01-31T11:17:44-08:00,0,236
projects/index.html,74,html,d5e48184,shrutiy14,2025-01-18,11:08:57,-08:00,2025-01-18T11:08:57-08:00,0,9
projects/index.html,75,html,d5e48184,shrutiy14,2025-01-18,11:08:57,-08:00,2025-01-18T11:08:57-08:00,0,8
projects/index.html,76,html,b15e4fc0,shrutiy14,2025-01-31,11:17:44,-08:00,2025-01-31T11:17:44-08:00,0,37
projects/index.html,77,html,d5e48184,shrutiy14,2025-01-18,11:08:57,-08:00,2025-01-18T11:08:57-08:00,0,71
projects/index.html,78,html,b15e4fc0,shrutiy14,2025-01-31,11:17:44,-08:00,2025-01-31T11:17:44-08:00,0,226
projects/index.html,79,html,d5e48184,shrutiy14,2025-01-18,11:08:57,-08:00,2025-01-18T11:08:57-08:00,0,9
projects/index.html,80,html,d5e48184,shrutiy14,2025-01-18,11:08:57,-08:00,2025-01-18T11:08:57-08:00,0,8
projects/index.html,81,html,b15e4fc0,shrutiy14,2025-01-31,11:17:44,-08:00,2025-01-31T11:17:44-08:00,0,39
projects/index.html,82,html,d5e48184,shrutiy14,2025-01-18,11:08:57,-08:00,2025-01-18T11:08:57-08:00,0,71
projects/index.html,83,html,b15e4fc0,shrutiy14,2025-01-31,11:17:44,-08:00,2025-01-31T11:17:44-08:00,0,225
projects/index.html,84,html,d5e48184,shrutiy14,2025-01-18,11:08:57,-08:00,2025-01-18T11:08:57-08:00,0,9
projects/index.html,85,html,d5e48184,shrutiy14,2025-01-18,11:08:57,-08:00,2025-01-18T11:08:57-08:00,0,8
projects/index.html,86,html,b15e4fc0,shrutiy14,2025-01-31,11:17:44,-08:00,2025-01-31T11:17:44-08:00,0,45
projects/index.html,87,html,d5e48184,shrutiy14,2025-01-18,11:08:57,-08:00,2025-01-18T11:08:57-08:00,0,71
projects/index.html,88,html,b15e4fc0,shrutiy14,2025-01-31,11:17:44,-08:00,2025-01-31T11:17:44-08:00,0,209
projects/index.html,89,html,d5e48184,shrutiy14,2025-01-18,11:08:57,-08:00,2025-01-18T11:08:57-08:00,0,9
projects/index.html,90,html,d5e48184,shrutiy14,2025-01-18,11:08:57,-08:00,2025-01-18T11:08:57-08:00,0,8
projects/index.html,91,html,b15e4fc0,shrutiy14,2025-01-31,11:17:44,-08:00,2025-01-31T11:17:44-08:00,0,36
projects/index.html,92,html,d5e48184,shrutiy14,2025-01-18,11:08:57,-08:00,2025-01-18T11:08:57-08:00,0,71
projects/index.html,93,html,b15e4fc0,shrutiy14,2025-01-31,11:17:44,-08:00,2025-01-31T11:17:44-08:00,0,247
projects/index.html,94,html,d5e48184,shrutiy14,2025-01-18,11:08:57,-08:00,2025-01-18T11:08:57-08:00,0,9
projects/index.html,95,html,d5e48184,shrutiy14,2025-01-18,11:08:57,-08:00,2025-01-18T11:08:57-08:00,0,8
projects/index.html,96,html,b15e4fc0,shrutiy14,2025-01-31,11:17:44,-08:00,2025-01-31T11:17:44-08:00,0,33
projects/index.html,97,html,d5e48184,shrutiy14,2025-01-18,11:08:57,-08:00,2025-01-18T11:08:57-08:00,0,71
projects/index.html,98,html,b15e4fc0,shrutiy14,2025-01-31,11:17:44,-08:00,2025-01-31T11:17:44-08:00,0,261
projects/index.html,99,html,b15e4fc0,shrutiy14,2025-01-31,11:17:44,-08:00,2025-01-31T11:17:44-08:00,0,13
projects/index.html,100,html,d5e48184,shrutiy14,2025-01-18,11:08:57,-08:00,2025-01-18T11:08:57-08:00,0,5
projects/index.html,101,html,7f8993b6,shrutiy14,2025-02-07,14:48:02,-08:00,2025-02-07T14:48:02-08:00,0,0
projects/index.html,102,html,c5aeddca,shrutiy14,2025-01-10,13:03:03,-08:00,2025-01-10T13:03:03-08:00,0,28
projects/index.html,103,html,5a096a1b,shrutiy14,2025-01-31,11:14:19,-08:00,2025-01-31T11:14:19-08:00,0,48
projects/index.html,104,html,3be733f7,shrutiy14,2025-02-07,15:35:39,-08:00,2025-02-07T15:35:39-08:00,0,49
projects/index.html,105,html,3672ab05,shrutiy14,2025-01-10,13:48:18,-08:00,2025-01-10T13:48:18-08:00,0,6
projects/index.html,106,html,c5aeddca,shrutiy14,2025-01-10,13:03:03,-08:00,2025-01-10T13:03:03-08:00,0,6
contact/index.html,1,html,c5aeddca,shrutiy14,2025-01-10,13:03:03,-08:00,2025-01-10T13:03:03-08:00,0,14
contact/index.html,2,html,c5aeddca,shrutiy14,2025-01-10,13:03:03,-08:00,2025-01-10T13:03:03-08:00,0,15
contact/index.html,3,html,c5aeddca,shrutiy14,2025-01-10,13:03:03,-08:00,2025-01-10T13:03:03-08:00,0,5
contact/index.html,4,html,c5aeddca,shrutiy14,2025-01-10,13:03:03,-08:00,2025-01-10T13:03:03-08:00,0,21
contact/index.html,5,html,c5aeddca,shrutiy14,2025-01-10,13:03:03,-08:00,2025-01-10T13:03:03-08:00,0,69
contact/index.html,6,html,8d52de1a,shrutiy14,2025-01-10,17:44:55,-08:00,2025-01-10T17:44:55-08:00,0,21
contact/index.html,7,html,1a6761ba,shrutiy14,2025-01-17,22:50:47,-08:00,2025-01-17T22:50:47-08:00,0,42
contact/index.html,8,html,c5aeddca,shrutiy14,2025-01-10,13:03:03,-08:00,2025-01-10T13:03:03-08:00,0,6
contact/index.html,9,html,c5aeddca,shrutiy14,2025-01-10,13:03:03,-08:00,2025-01-10T13:03:03-08:00,0,5
contact/index.html,10,html,8d52de1a,shrutiy14,2025-01-10,17:44:55,-08:00,2025-01-10T17:44:55-08:00,0,4
contact/index.html,11,html,44e22b4a,shrutiy14,2025-01-24,19:41:54,-08:00,2025-01-24T19:41:54-08:00,0,3
contact/index.html,12,html,8d52de1a,shrutiy14,2025-01-10,17:44:55,-08:00,2025-01-10T17:44:55-08:00,0,21
contact/index.html,13,html,8d52de1a,shrutiy14,2025-01-10,17:44:55,-08:00,2025-01-10T17:44:55-08:00,0,34
contact/index.html,14,html,19a2e026,shrutiy14,2025-01-23,21:11:37,-08:00,2025-01-23T21:11:37-08:00,0,23
contact/index.html,15,html,f118338c,shrutiy14,2025-01-10,18:09:30,-08:00,2025-01-10T18:09:30-08:00,0,30
contact/index.html,16,html,36d52c7a,shrutiy14,2025-01-10,17:50:02,-08:00,2025-01-10T17:50:02-08:00,0,64
contact/index.html,17,html,44e22b4a,shrutiy14,2025-01-24,19:41:54,-08:00,2025-01-24T19:41:54-08:00,0,2
contact/index.html,18,html,8d52de1a,shrutiy14,2025-01-10,17:44:55,-08:00,2025-01-10T17:44:55-08:00,0,5
contact/index.html,19,html,8d52de1a,shrutiy14,2025-01-10,17:44:55,-08:00,2025-01-10T17:44:55-08:00,0,18
contact/index.html,20,html,f780ec48,shrutiy14,2025-01-10,17:47:39,-08:00,2025-01-10T17:47:39-08:00,0,73
contact/index.html,21,html,8d52de1a,shrutiy14,2025-01-10,17:44:55,-08:00,2025-01-10T17:44:55-08:00,0,6
contact/index.html,22,html,8d52de1a,shrutiy14,2025-01-10,17:44:55,-08:00,2025-01-10T17:44:55-08:00,0,10
contact/index.html,23,html,8d52de1a,shrutiy14,2025-01-10,17:44:55,-08:00,2025-01-10T17:44:55-08:00,0,41
contact/index.html,24,html,8d52de1a,shrutiy14,2025-01-10,17:44:55,-08:00,2025-01-10T17:44:55-08:00,0,7
contact/index.html,25,html,8d52de1a,shrutiy14,2025-01-10,17:44:55,-08:00,2025-01-10T17:44:55-08:00,0,3
contact/index.html,26,html,8d52de1a,shrutiy14,2025-01-10,17:44:55,-08:00,2025-01-10T17:44:55-08:00,0,6
contact/index.html,27,html,8d52de1a,shrutiy14,2025-01-10,17:44:55,-08:00,2025-01-10T17:44:55-08:00,0,7
contact/index.html,28,html,8d52de1a,shrutiy14,2025-01-10,17:44:55,-08:00,2025-01-10T17:44:55-08:00,0,42
contact/index.html,29,html,8d52de1a,shrutiy14,2025-01-10,17:44:55,-08:00,2025-01-10T17:44:55-08:00,0,7
contact/index.html,30,html,8d52de1a,shrutiy14,2025-01-10,17:44:55,-08:00,2025-01-10T17:44:55-08:00,0,3
contact/index.html,31,html,8d52de1a,shrutiy14,2025-01-10,17:44:55,-08:00,2025-01-10T17:44:55-08:00,0,6
contact/index.html,32,html,8d52de1a,shrutiy14,2025-01-10,17:44:55,-08:00,2025-01-10T17:44:55-08:00,0,7
contact/index.html,33,html,8d52de1a,shrutiy14,2025-01-10,17:44:55,-08:00,2025-01-10T17:44:55-08:00,0,50
contact/index.html,34,html,8d52de1a,shrutiy14,2025-01-10,17:44:55,-08:00,2025-01-10T17:44:55-08:00,0,7
contact/index.html,35,html,8d52de1a,shrutiy14,2025-01-10,17:44:55,-08:00,2025-01-10T17:44:55-08:00,0,3
contact/index.html,36,html,8d52de1a,shrutiy14,2025-01-10,17:44:55,-08:00,2025-01-10T17:44:55-08:00,0,20
contact/index.html,37,html,8d52de1a,shrutiy14,2025-01-10,17:44:55,-08:00,2025-01-10T17:44:55-08:00,0,6
contact/index.html,38,html,ebf48876,shrutiy14,2025-01-23,20:10:13,-08:00,2025-01-23T20:10:13-08:00,0,49
contact/index.html,39,html,c5aeddca,shrutiy14,2025-01-10,13:03:03,-08:00,2025-01-10T13:03:03-08:00,0,6
contact/index.html,40,html,c5aeddca,shrutiy14,2025-01-10,13:03:03,-08:00,2025-01-10T13:03:03-08:00,0,6
contact/index.html,41,html,c5aeddca,shrutiy14,2025-01-10,13:03:03,-08:00,2025-01-10T13:03:03-08:00,0,0
